seller_id,company_name,city,state,business_type,years_active,service_name,weekly_bl_allocation,revenue_band,persona_type,catalog_quality_score,total_products,active_categories,avg_weekly_leads,avg_weekly_lead_consumption,avg_response_rate,avg_response_time_mins,preferred_platform,seller_rating,engagement_score,seller_health_score,churn_risk,upsell_probability,last_active_days_ago,notification_open_rate,support_ticket_count,preferred_market,primary_category,secondary_categories
64000000,Ghose-Rastogi,Gurugram,Haryana,Partnership,12,Free,0,10L-40L,Free Active Seller,77,476,71,7,6,72,7,Desktop,3.57,73,89,Medium,98,6,33,0,Export,Electronics,CCTV Camera|Fiber Optic Cable|Adapters
64000001,"Reddy, Lanka and Dara",Ahmedabad,Gujarat,LLP,4,IM Star Pro,30,10L-40L,Lazy Seller,40,130,45,18,2,30,94,App,4.64,20,23,High,9,17,39,4,Regional,Machinery,Juice Machine|Lathe Machine|Packaging Machine
64000002,"Kamdar, Majumdar and Dutta",Noida,Uttar Pradesh,Partnership,15,Mini Dynamic Catalog (Annual),10,40L-1.5Cr,Lazy Seller,58,43,31,54,4,43,113,Desktop,3.85,16,37,High,7,7,30,5,Regional,Electronics,Adapters|Wireless CCTV|CCTV Camera
64000003,Kannan-Mannan,Surat,Gujarat,Private Limited,4,IM Star Pro,30,1.5Cr-5Cr,New Seller,77,293,33,25,14,74,14,Mobile Site,4.37,59,65,Medium,40,17,15,5,Regional,Garments,T-Shirts|Uniforms|Hoodies
64000004,"Kurian, Bhat and Ben",Ahmedabad,Gujarat,Partnership,13,Free,0,5Cr-20Cr,Free Active Seller,82,181,29,25,15,73,6,Desktop,3.65,76,86,Medium,97,17,16,8,Export,Garments,Hoodies|Uniforms|Corporate Wear
64000005,Luthra-Chandra,Ludhiana,Punjab,LLP,15,IM IL,70,40L-1.5Cr,Premium Stable Seller,89,406,8,115,14,85,5,Mobile Site,3.92,91,93,Low,17,1,5,6,National,Packaging,Labels|Shipping Box|Plastic Pouch
64000006,"Batta, Mangal and Thaman",Chennai,Tamil Nadu,LLP,9,Free,0,1.5Cr-5Cr,Free Active Seller,87,473,70,13,12,92,5,Desktop,3.7,91,71,Medium,96,25,11,7,Regional,Garments,Uniforms|Kids Wear|Hoodies
64000007,Salvi PLC,Ludhiana,Punjab,Proprietorship,9,IM Star Pro,30,1.5Cr-5Cr,Power Seller,88,326,43,67,0,89,7,App,3.61,85,98,Low,10,0,16,1,Regional,Furniture,Wooden Table|Office Chair|Modular Desk
64000008,Mander Group,Noida,Uttar Pradesh,Partnership,13,Trustseal Pro,14,1.5Cr-5Cr,Premium Stable Seller,82,466,79,32,3,93,11,App,4.89,80,86,Low,31,1,42,5,National,Electronics,CCTV Camera|Wireless CCTV|Adapters
64000009,"Deol, Ramaswamy and Sarin",Bengaluru,Karnataka,LLP,2,Maximiser Pro,21,10L-40L,Churning Seller,52,132,2,14,11,51,27,Desktop,3.31,55,27,High,23,25,3,5,Regional,Chemicals,Cleaning Chemical|Paint Chemical|Industrial Solvents
64000010,Chawla Ltd,Bengaluru,Karnataka,Proprietorship,5,Free,0,5Cr-20Cr,New Seller,61,312,75,20,7,62,18,App,3.52,63,74,Medium,63,30,7,6,National,Agriculture,Seeds|Fertilizers|Drip Irrigation
64000011,Kothari Ltd,Jaipur,Rajasthan,LLP,8,Mini Dynamic Catalog (Monthly),7,5Cr-20Cr,New Seller,76,193,15,20,3,65,16,Desktop,3.92,41,57,Medium,58,11,18,7,Regional,Furniture,Sofa|Modular Desk|Office Chair
64000012,Magar-Basak,Gurugram,Haryana,LLP,13,Mini Dynamic Catalog (Annual),10,5Cr-20Cr,Premium Stable Seller,79,454,32,15,6,98,11,Desktop,4.67,75,80,Low,39,3,4,2,National,Electronics,CCTV Camera|HDMI Cable|Wireless CCTV
64000013,Kashyap Inc,Delhi,Delhi,LLP,5,IM Star Pro,30,10L-40L,Lazy Seller,67,131,9,79,23,55,102,Mobile Site,3.73,14,21,High,14,22,4,7,Export,Electronics,HDMI Cable|CCTV Camera|Adapters
64000014,Keer-Sur,Bengaluru,Karnataka,Proprietorship,1,Mini Dynamic Catalog (Annual),10,10L-40L,Premium Stable Seller,83,81,74,20,9,80,12,App,4.32,77,85,Low,27,0,37,8,National,Furniture,Modular Desk|Sofa|Wooden Table
64000015,"Kothari, Bail and Bhatti",Ludhiana,Punjab,Proprietorship,11,IM Leader Pro,40,5Cr-20Cr,New Seller,62,173,60,45,4,53,35,Mobile Site,4.9,44,66,Medium,55,5,7,1,Export,Leather,Organizer Bag|Laptop Sleeve|Passport Holder
64000016,"Acharya, Kuruvilla and Chaudhari",Ahmedabad,Gujarat,Private Limited,3,Free,0,10L-40L,Free Active Seller,72,446,71,14,9,72,10,Mobile Site,4.59,79,73,Medium,89,30,20,1,Regional,Furniture,Office Chair|Sofa|Modular Desk
64000017,Kuruvilla Group,Ludhiana,Punjab,Partnership,15,Trustseal Pro,14,10L-40L,Power Seller,90,371,35,37,7,94,11,Desktop,4.28,86,92,Low,16,2,18,0,Regional,Machinery,Juice Machine|Mixer Machine|Lathe Machine
64000018,"Sama, Gulati and Ray",Surat,Gujarat,Proprietorship,11,Free,0,40L-1.5Cr,Free Active Seller,75,307,3,8,1,88,12,Mobile Site,3.26,87,90,Medium,88,27,24,8,Regional,Furniture,Wooden Table|Sofa|Modular Desk
64000019,Doshi-Garde,Jaipur,Rajasthan,Proprietorship,1,Free,0,5Cr-20Cr,Free Active Seller,81,369,33,8,5,90,18,Mobile Site,4.47,71,79,Medium,81,29,16,2,Regional,Garments,Uniforms|T-Shirts|Hoodies
64000020,"Sethi, Subramaniam and Divan",Jaipur,Rajasthan,Partnership,3,IM Leader Pro,40,10L-40L,New Seller,80,396,33,39,10,74,36,App,4.68,65,66,Medium,62,30,31,3,Regional,Packaging,Plastic Pouch|Corrugated Box|Shipping Box
64000021,"Walla, Wagle and Sarraf",Noida,Uttar Pradesh,Private Limited,5,Maximiser Pro,21,5Cr-20Cr,Churning Seller,50,415,37,49,20,42,76,Mobile Site,4.87,41,28,High,7,21,35,5,Regional,Chemicals,Industrial Solvents|Cleaning Chemical|Paint Chemical
64000022,Majumdar Ltd,Gurugram,Haryana,Private Limited,3,IM Star Pro,30,5Cr-20Cr,Premium Stable Seller,79,422,42,60,19,81,12,Mobile Site,3.52,88,89,Low,38,0,3,6,Regional,Agriculture,Fertilizers|Drip Irrigation|Seeds
64000023,"Rana, Kapoor and Lanka",Bengaluru,Karnataka,Proprietorship,6,Mini Dynamic Catalog (Annual),10,5Cr-20Cr,Lazy Seller,61,279,41,47,6,40,55,Mobile Site,3.7,33,43,High,14,15,9,3,National,Machinery,Lathe Machine|Mixer Machine|Juice Machine
64000024,Gulati-Samra,Jaipur,Rajasthan,Proprietorship,10,IM Star Pro,30,5Cr-20Cr,Premium Stable Seller,90,240,76,46,14,95,3,Mobile Site,3.56,84,87,Low,21,3,31,2,Export,Packaging,Plastic Pouch|Corrugated Box|Shipping Box
64000025,"Banerjee, Hayer and Vohra",Gurugram,Haryana,Private Limited,9,IM Leader Pro,40,40L-1.5Cr,New Seller,57,432,27,23,0,71,25,App,4.24,61,54,Medium,42,6,5,7,National,Agriculture,Seeds|Drip Irrigation|Pesticides
64000026,"D’Alia, Gopal and Loke",Chennai,Tamil Nadu,Proprietorship,12,IM IL,70,40L-1.5Cr,New Seller,70,22,15,104,54,57,25,Mobile Site,4.08,44,65,Medium,57,12,4,8,Regional,Leather,Wallet|Card Holder|Organizer Bag
64000027,Sharaf Inc,Gurugram,Haryana,LLP,3,IM Leader Pro,40,40L-1.5Cr,Lazy Seller,68,479,22,65,28,52,94,Mobile Site,3.67,36,44,High,19,13,34,7,Export,Electronics,Wireless CCTV|Adapters|Fiber Optic Cable
64000028,Srinivas PLC,Ahmedabad,Gujarat,Private Limited,8,IM Star Pro,30,40L-1.5Cr,Power Seller,89,97,31,54,22,93,7,Desktop,3.91,90,84,Low,14,1,22,8,National,Agriculture,Pesticides|Drip Irrigation|Seeds
64000029,"Buch, Bhalla and Sharaf",Jaipur,Rajasthan,Partnership,4,IM IL,70,40L-1.5Cr,Lazy Seller,41,172,51,114,53,44,101,App,3.57,10,45,High,16,22,28,7,Regional,Electronics,Adapters|Fiber Optic Cable|Wireless CCTV
64000030,Balan-Mani,Jaipur,Rajasthan,Private Limited,11,IM IL,70,10L-40L,New Seller,78,293,5,55,37,50,39,Desktop,4.29,69,49,Medium,54,23,9,7,Regional,Chemicals,Industrial Solvents|Cleaning Chemical|Paint Chemical
64000031,Desai-Jha,Delhi,Delhi,Private Limited,7,Free,0,5Cr-20Cr,Free Active Seller,76,405,55,13,13,79,10,Desktop,4.47,80,80,Medium,83,7,4,5,Regional,Leather,Card Holder|Passport Holder|Organizer Bag
64000032,Singh-Dasgupta,Gurugram,Haryana,Partnership,13,Maximiser Pro,21,1.5Cr-5Cr,Power Seller,88,262,16,32,14,85,11,Desktop,4.23,84,89,Low,14,2,8,2,National,Furniture,Wooden Table|Sofa|Office Chair
64000033,"Kanda, Devan and Salvi",Gurugram,Haryana,Partnership,15,Free,0,1.5Cr-5Cr,Free Active Seller,88,58,77,25,7,86,11,Mobile Site,4.22,82,90,Medium,81,8,8,0,National,Furniture,Wooden Table|Office Chair|Modular Desk
64000034,Krish-Sodhi,Bengaluru,Karnataka,LLP,11,Free,0,5Cr-20Cr,Free Active Seller,72,441,64,8,6,81,15,Mobile Site,3.46,80,68,Medium,88,16,12,8,Export,Leather,Laptop Sleeve|Passport Holder|Organizer Bag
64000035,"De, Kapadia and Hari",Ludhiana,Punjab,LLP,8,IM Star Pro,30,5Cr-20Cr,Lazy Seller,60,144,61,77,19,35,51,App,3.25,18,43,High,19,26,21,2,National,Chemicals,Cleaning Chemical|Industrial Solvents|Paint Chemical
64000036,Iyer-Seshadri,Ahmedabad,Gujarat,Private Limited,13,Free,0,5Cr-20Cr,Free Active Seller,80,25,68,11,1,73,14,App,4.14,92,76,Medium,92,12,16,7,Export,Chemicals,Cleaning Chemical|Industrial Solvents|Paint Chemical
64000037,Dubey-Apte,Noida,Uttar Pradesh,LLP,13,Mini Dynamic Catalog (Annual),10,5Cr-20Cr,Power Seller,91,317,49,35,8,92,8,Mobile Site,4.14,87,91,Low,31,2,23,7,National,Machinery,Packaging Machine|Mixer Machine|Juice Machine
64000038,Sha-Sheth,Ludhiana,Punjab,Private Limited,4,Maximiser Pro,21,10L-40L,Power Seller,92,398,63,40,18,88,10,Desktop,3.7,85,88,Low,16,2,24,2,National,Electronics,Adapters|HDMI Cable|CCTV Camera
64000039,Jayaraman-Gopal,Delhi,Delhi,Proprietorship,5,Mini Dynamic Catalog (Monthly),7,1.5Cr-5Cr,Power Seller,91,313,38,35,7,89,12,Desktop,4.84,95,85,Low,10,3,17,7,Regional,Agriculture,Fertilizers|Drip Irrigation|Pesticides
64000040,Mander-Chaudhry,Gurugram,Haryana,LLP,8,Mini Dynamic Catalog (Monthly),7,5Cr-20Cr,Power Seller,86,80,73,53,6,89,11,App,4.74,89,84,Low,17,1,20,6,National,Machinery,Juice Machine|Lathe Machine|Mixer Machine
64000041,"Sant, Dutta and Apte",Chennai,Tamil Nadu,Partnership,10,Mini Dynamic Catalog (Annual),10,40L-1.5Cr,New Seller,79,100,32,16,8,51,23,Desktop,3.89,48,66,Medium,37,7,45,7,National,Packaging,Plastic Pouch|Labels|Shipping Box
64000042,Krishna Ltd,Delhi,Delhi,Proprietorship,5,IM Star Pro,30,40L-1.5Cr,New Seller,77,493,35,80,21,72,39,App,3.4,42,66,Medium,42,30,15,2,National,Electronics,HDMI Cable|Adapters|CCTV Camera
64000043,Shenoy-Vasa,Mumbai,Maharashtra,Partnership,1,IM Star Pro,30,5Cr-20Cr,Churning Seller,69,378,53,39,16,48,81,App,3.34,27,34,High,14,22,3,6,Export,Chemicals,Industrial Solvents|Paint Chemical|Cleaning Chemical
64000044,"Tank, Date and Kalla",Surat,Gujarat,Private Limited,1,Maximiser Pro,21,5Cr-20Cr,Power Seller,82,285,58,40,5,93,11,Desktop,4,81,87,Low,25,3,27,5,National,Garments,T-Shirts|Hoodies|Kids Wear
64000045,"Vyas, Dugal and Guha",Gurugram,Haryana,Proprietorship,6,Free,0,5Cr-20Cr,Lazy Seller,58,181,34,15,3,45,110,Mobile Site,4.6,11,29,High,7,29,1,8,National,Electronics,CCTV Camera|Fiber Optic Cable|Adapters
64000046,Hans-Rajan,Jaipur,Rajasthan,Partnership,4,IM Leader Pro,40,10L-40L,Premium Stable Seller,93,301,18,41,28,98,10,Desktop,4.85,76,84,Low,23,3,39,3,Export,Machinery,Lathe Machine|Mixer Machine|Juice Machine
64000047,Bawa Ltd,Mumbai,Maharashtra,Private Limited,9,IM IL,70,5Cr-20Cr,Power Seller,84,446,21,68,37,92,3,App,4.87,94,85,Low,30,2,16,7,Export,Machinery,Juice Machine|Lathe Machine|Mixer Machine
64000048,Madan and Sons,Mumbai,Maharashtra,LLP,4,Trustseal Pro,14,1.5Cr-5Cr,Premium Stable Seller,80,279,36,57,0,86,15,Mobile Site,4.19,88,88,Low,40,2,43,7,Regional,Machinery,Mixer Machine|Juice Machine|Packaging Machine
64000049,"Balasubramanian, Kade and Grewal",Noida,Uttar Pradesh,LLP,6,Free,0,40L-1.5Cr,Free Active Seller,87,465,26,12,9,89,13,App,3.27,82,82,Medium,85,17,31,6,National,Electronics,CCTV Camera|Wireless CCTV|HDMI Cable
64000050,"Kapoor, Bala and Sood",Mumbai,Maharashtra,LLP,1,IM Leader Pro,40,5Cr-20Cr,Churning Seller,77,27,20,57,9,36,81,App,3.78,26,36,High,19,7,45,6,Export,Packaging,Shipping Box|Labels|Corrugated Box
64000051,Saini and Sons,Gurugram,Haryana,Private Limited,14,IM IL,70,10L-40L,New Seller,65,336,10,35,18,65,41,App,4.86,67,62,Medium,36,12,41,1,National,Electronics,CCTV Camera|Wireless CCTV|Fiber Optic Cable
64000052,Sarraf-Bali,Mumbai,Maharashtra,Private Limited,15,Mini Dynamic Catalog (Monthly),7,40L-1.5Cr,Power Seller,92,94,33,38,6,86,6,Desktop,3.33,91,93,Low,23,1,25,3,National,Chemicals,Industrial Solvents|Paint Chemical|Cleaning Chemical
64000053,"Trivedi, Dutta and Swamy",Chennai,Tamil Nadu,Proprietorship,4,IM Star Pro,30,5Cr-20Cr,Lazy Seller,69,481,38,74,5,36,41,App,4.88,38,40,High,19,7,20,6,Export,Machinery,Mixer Machine|Packaging Machine|Juice Machine
64000054,Comar Inc,Ludhiana,Punjab,LLP,14,Free,0,1.5Cr-5Cr,Free Active Seller,76,215,75,16,9,77,18,Desktop,4.86,85,71,Medium,82,27,43,6,National,Leather,Organizer Bag|Card Holder|Passport Holder
64000055,"Sathe, Goda and Kade",Delhi,Delhi,Partnership,15,Free,0,1.5Cr-5Cr,Premium Stable Seller,87,117,34,9,1,85,12,App,3.26,86,85,Low,35,0,24,2,Regional,Electronics,Wireless CCTV|CCTV Camera|Adapters
64000056,"Vaidya, Badami and Sanghvi",Ludhiana,Punjab,Private Limited,12,Trustseal Pro,14,1.5Cr-5Cr,Lazy Seller,52,445,23,21,14,28,109,Mobile Site,4.68,38,26,High,13,20,8,7,Regional,Garments,T-Shirts|Uniforms|Hoodies
64000057,Yogi Ltd,Mumbai,Maharashtra,Proprietorship,14,IM IL,70,1.5Cr-5Cr,New Seller,80,27,35,73,15,62,33,Mobile Site,4.47,42,70,Medium,47,19,17,6,Export,Packaging,Shipping Box|Labels|Corrugated Box
64000058,Gill-Badami,Surat,Gujarat,Partnership,11,Free,0,10L-40L,Churning Seller,50,345,61,14,10,65,66,Desktop,3.28,34,40,High,7,18,3,4,National,Packaging,Corrugated Box|Shipping Box|Labels
64000059,Bhalla-Dube,Gurugram,Haryana,Partnership,4,Trustseal Pro,14,5Cr-20Cr,Premium Stable Seller,90,400,21,61,6,92,8,Mobile Site,3.89,92,91,Low,33,0,18,0,Export,Garments,Kids Wear|Corporate Wear|Uniforms
64000060,Loyal-Kala,Surat,Gujarat,Proprietorship,8,Maximiser Pro,21,5Cr-20Cr,Lazy Seller,63,51,52,40,6,26,87,Desktop,4.33,27,43,High,16,8,42,0,Regional,Furniture,Modular Desk|Sofa|Wooden Table
64000061,Tak-Srinivasan,Surat,Gujarat,Proprietorship,3,Maximiser Pro,21,40L-1.5Cr,Premium Stable Seller,80,188,20,5,2,95,6,Mobile Site,3.63,93,84,Low,22,1,12,1,Export,Leather,Wallet|Organizer Bag|Passport Holder
64000062,"Sharma, Saxena and Balay",Delhi,Delhi,Proprietorship,1,Free,0,10L-40L,Free Active Seller,77,46,18,18,3,83,10,App,3.96,70,73,Medium,83,28,24,8,Export,Garments,Hoodies|T-Shirts|Corporate Wear
64000063,Wadhwa-Jhaveri,Gurugram,Haryana,LLP,9,Mini Dynamic Catalog (Monthly),7,10L-40L,Churning Seller,73,51,63,30,6,63,63,App,4.41,49,40,High,5,26,29,1,Regional,Chemicals,Industrial Solvents|Paint Chemical|Cleaning Chemical
64000064,Rattan-Choudhary,Surat,Gujarat,Proprietorship,2,IM Star Pro,30,10L-40L,Churning Seller,69,170,60,69,19,65,66,Mobile Site,3.39,44,39,High,21,18,42,8,Export,Leather,Passport Holder|Laptop Sleeve|Card Holder
64000065,"Kannan, Sur and Kota",Ahmedabad,Gujarat,LLP,8,IM IL,70,1.5Cr-5Cr,Churning Seller,60,180,56,45,42,59,76,Desktop,4.37,46,43,High,8,13,31,1,Regional,Electronics,Adapters|CCTV Camera|Fiber Optic Cable
64000066,Barad-Keer,Gurugram,Haryana,Partnership,7,IM Leader Pro,40,1.5Cr-5Cr,Power Seller,86,82,54,50,27,86,11,Mobile Site,3.73,97,92,Low,31,0,7,8,Regional,Machinery,Mixer Machine|Packaging Machine|Lathe Machine
64000067,Lad-Venkatesh,Mumbai,Maharashtra,LLP,4,IM Leader Pro,40,1.5Cr-5Cr,Power Seller,93,239,73,84,39,88,6,Desktop,3.51,98,89,Low,35,0,45,4,National,Garments,Hoodies|T-Shirts|Uniforms
64000068,"Bora, Wali and Bose",Surat,Gujarat,Partnership,3,IM IL,70,40L-1.5Cr,Churning Seller,52,130,50,58,29,39,28,App,3.73,25,43,High,21,15,21,1,Regional,Chemicals,Cleaning Chemical|Industrial Solvents|Paint Chemical
64000069,Roy PLC,Mumbai,Maharashtra,Proprietorship,13,Mini Dynamic Catalog (Monthly),7,1.5Cr-5Cr,Premium Stable Seller,80,246,55,22,3,86,10,App,3.39,88,93,Low,34,0,44,7,Export,Machinery,Lathe Machine|Juice Machine|Packaging Machine
64000070,"Kaul, Amble and Sagar",Ludhiana,Punjab,Partnership,4,Mini Dynamic Catalog (Monthly),7,10L-40L,Lazy Seller,40,411,34,23,5,33,78,App,4.47,40,21,High,9,8,12,2,National,Furniture,Modular Desk|Wooden Table|Office Chair
64000071,Khosla-Sur,Bengaluru,Karnataka,Proprietorship,9,IM Leader Pro,40,5Cr-20Cr,Premium Stable Seller,80,255,11,45,36,90,14,Mobile Site,4.29,76,91,Low,15,3,19,1,National,Garments,Kids Wear|T-Shirts|Hoodies
64000072,Lad-Ramanathan,Delhi,Delhi,Private Limited,3,Free,0,1.5Cr-5Cr,Premium Stable Seller,89,321,53,21,2,80,9,Mobile Site,3.78,78,85,Low,28,3,22,2,Regional,Machinery,Lathe Machine|Packaging Machine|Juice Machine
64000073,"Krishnan, Bhasin and Bora",Bengaluru,Karnataka,Partnership,9,Maximiser Pro,21,40L-1.5Cr,Premium Stable Seller,89,72,20,37,6,89,14,Mobile Site,3.33,95,82,Low,22,1,41,7,National,Electronics,HDMI Cable|Fiber Optic Cable|Adapters
64000074,Chaudhry-Bhavsar,Chennai,Tamil Nadu,LLP,11,IM Leader Pro,40,1.5Cr-5Cr,Premium Stable Seller,88,343,40,40,37,82,10,Mobile Site,3.33,77,93,Low,29,0,30,7,Regional,Leather,Card Holder|Organizer Bag|Laptop Sleeve
64000075,Mandal-Balasubramanian,Delhi,Delhi,Private Limited,14,Free,0,40L-1.5Cr,Free Active Seller,72,279,51,19,1,85,18,App,4.23,72,87,Medium,94,19,33,2,Regional,Garments,Hoodies|Corporate Wear|Kids Wear
64000076,"Virk, Andra and Mani",Noida,Uttar Pradesh,Partnership,13,Free,0,1.5Cr-5Cr,Free Active Seller,72,382,58,19,5,81,15,App,3.86,75,69,Medium,82,16,22,0,Export,Electronics,HDMI Cable|Fiber Optic Cable|CCTV Camera
64000077,"Chaudhari, Shenoy and Mandal",Surat,Gujarat,Partnership,6,IM IL,70,40L-1.5Cr,Power Seller,91,318,20,49,19,93,12,Mobile Site,4.41,84,92,Low,12,3,6,4,Export,Electronics,Adapters|HDMI Cable|Wireless CCTV
64000078,Samra and Sons,Jaipur,Rajasthan,Private Limited,14,Mini Dynamic Catalog (Annual),10,5Cr-20Cr,Churning Seller,70,178,25,18,5,57,90,Desktop,3.59,43,20,High,16,29,9,2,Regional,Furniture,Wooden Table|Sofa|Modular Desk
64000079,"Deol, Chakrabarti and Sarkar",Ludhiana,Punjab,Partnership,9,Mini Dynamic Catalog (Monthly),7,10L-40L,Premium Stable Seller,88,103,25,49,2,97,5,App,3.82,94,90,Low,19,3,16,7,Export,Machinery,Lathe Machine|Mixer Machine|Juice Machine
64000080,"Kadakia, Srinivasan and Sarraf",Ludhiana,Punjab,LLP,4,Maximiser Pro,21,40L-1.5Cr,Premium Stable Seller,87,256,38,53,16,93,6,Desktop,4.56,86,96,Low,29,3,9,4,Regional,Furniture,Office Chair|Modular Desk|Wooden Table
64000081,Ganguly and Sons,Noida,Uttar Pradesh,Private Limited,9,Mini Dynamic Catalog (Annual),10,1.5Cr-5Cr,Power Seller,91,95,57,10,3,87,4,Desktop,3.91,88,96,Low,26,3,26,8,National,Furniture,Office Chair|Modular Desk|Wooden Table
64000082,Dua-Wali,Ahmedabad,Gujarat,LLP,2,Free,0,5Cr-20Cr,Free Active Seller,77,191,20,9,0,65,10,Mobile Site,4.61,73,90,Medium,95,14,31,7,Export,Leather,Organizer Bag|Wallet|Laptop Sleeve
64000083,Ray LLC,Delhi,Delhi,Partnership,1,Free,0,10L-40L,Free Active Seller,76,236,16,14,3,91,7,Desktop,3.61,87,87,Medium,91,14,41,7,Regional,Agriculture,Drip Irrigation|Pesticides|Seeds
64000084,Vyas-Rao,Gurugram,Haryana,LLP,10,Mini Dynamic Catalog (Monthly),7,40L-1.5Cr,Premium Stable Seller,94,20,80,27,3,96,6,Mobile Site,4.34,79,87,Low,28,3,34,5,Regional,Electronics,CCTV Camera|HDMI Cable|Fiber Optic Cable
64000085,"Bandi, Rattan and Choudhry",Bengaluru,Karnataka,Partnership,7,Mini Dynamic Catalog (Monthly),7,10L-40L,Lazy Seller,64,423,10,27,3,43,72,Mobile Site,4.45,33,15,High,16,28,22,2,Regional,Garments,Corporate Wear|Uniforms|Kids Wear
64000086,Sha Inc,Surat,Gujarat,Private Limited,14,Trustseal Pro,14,1.5Cr-5Cr,New Seller,79,113,19,9,7,66,39,Desktop,3.27,62,60,Medium,55,6,13,0,National,Leather,Passport Holder|Organizer Bag|Wallet
64000087,Mallick-Sanghvi,Ludhiana,Punjab,LLP,14,Free,0,10L-40L,Premium Stable Seller,86,202,8,25,10,79,15,App,3.94,95,84,Low,24,2,26,7,National,Garments,Corporate Wear|Uniforms|Hoodies
64000088,"Badal, Hari and Venkataraman",Surat,Gujarat,Proprietorship,8,Free,0,40L-1.5Cr,New Seller,66,392,56,7,6,74,43,Mobile Site,3.7,48,70,Medium,37,24,7,1,National,Machinery,Packaging Machine|Juice Machine|Lathe Machine
64000089,Varty-Ahuja,Ludhiana,Punjab,Private Limited,8,IM IL,70,10L-40L,Premium Stable Seller,83,465,47,83,55,92,8,Desktop,4.34,89,79,Low,38,2,26,5,Export,Leather,Wallet|Laptop Sleeve|Passport Holder
64000090,Dasgupta PLC,Mumbai,Maharashtra,Partnership,3,Free,0,5Cr-20Cr,Premium Stable Seller,79,216,74,6,4,82,4,App,3.83,82,89,Low,26,1,5,2,Export,Packaging,Corrugated Box|Shipping Box|Labels
64000091,Kala Group,Surat,Gujarat,LLP,6,IM Star Pro,30,10L-40L,New Seller,62,275,68,54,29,75,17,App,4.52,40,68,Medium,40,22,29,3,Export,Packaging,Labels|Shipping Box|Corrugated Box
64000092,Seshadri LLC,Ludhiana,Punjab,LLP,4,Trustseal Pro,14,1.5Cr-5Cr,Power Seller,84,369,42,47,5,99,4,App,4.65,94,84,Low,35,0,45,2,National,Electronics,Wireless CCTV|CCTV Camera|HDMI Cable
64000093,"Vaidya, Jayaraman and Bhargava",Bengaluru,Karnataka,Proprietorship,2,Trustseal Pro,14,10L-40L,Churning Seller,57,208,61,56,8,61,28,Desktop,3.73,43,37,High,23,9,31,8,National,Machinery,Juice Machine|Mixer Machine|Lathe Machine
64000094,Bawa and Sons,Jaipur,Rajasthan,Partnership,3,Free,0,40L-1.5Cr,Free Active Seller,90,196,18,22,5,67,12,App,4.05,84,89,Medium,91,29,4,1,Export,Furniture,Wooden Table|Office Chair|Sofa
64000095,Kothari-Varma,Mumbai,Maharashtra,Private Limited,3,IM Leader Pro,40,1.5Cr-5Cr,Churning Seller,72,453,12,37,12,44,69,Desktop,4.26,53,48,High,14,25,40,8,Regional,Machinery,Mixer Machine|Juice Machine|Lathe Machine
64000096,"Guha, Kaul and Mall",Bengaluru,Karnataka,Proprietorship,10,Trustseal Pro,14,40L-1.5Cr,Premium Stable Seller,83,41,5,10,0,97,14,Mobile Site,3.91,94,88,Low,33,2,41,0,National,Electronics,Fiber Optic Cable|Adapters|Wireless CCTV
64000097,Lala Group,Bengaluru,Karnataka,Private Limited,11,Free,0,5Cr-20Cr,Free Active Seller,85,252,11,6,1,72,17,App,3.99,91,80,Medium,84,19,22,2,National,Packaging,Plastic Pouch|Corrugated Box|Shipping Box
64000098,Bala-Chatterjee,Surat,Gujarat,Private Limited,7,IM Leader Pro,40,10L-40L,Churning Seller,66,82,36,62,15,65,38,Desktop,3.69,40,27,High,19,9,25,6,Regional,Furniture,Wooden Table|Sofa|Modular Desk
64000099,Biswas-Bhalla,Mumbai,Maharashtra,Private Limited,15,IM Leader Pro,40,5Cr-20Cr,Premium Stable Seller,84,470,41,68,1,83,10,Mobile Site,3.98,91,92,Low,30,0,16,3,Export,Garments,T-Shirts|Kids Wear|Uniforms
64000100,"Sibal, Malhotra and Sharma",Surat,Gujarat,Partnership,1,Free,0,40L-1.5Cr,Free Active Seller,85,166,70,5,0,84,18,App,4.44,90,89,Medium,90,18,26,5,Regional,Chemicals,Cleaning Chemical|Industrial Solvents|Paint Chemical
64000101,Jha-Walia,Jaipur,Rajasthan,Partnership,10,Maximiser Pro,21,40L-1.5Cr,Premium Stable Seller,89,250,72,40,19,95,7,Desktop,3.87,77,90,Low,31,0,22,8,National,Machinery,Lathe Machine|Packaging Machine|Juice Machine
64000102,Dasgupta Group,Mumbai,Maharashtra,Proprietorship,10,IM IL,70,40L-1.5Cr,Premium Stable Seller,94,190,62,71,58,79,3,App,4.78,76,82,Low,37,1,21,2,National,Garments,Hoodies|Uniforms|Kids Wear
64000103,"Krishna, Singh and Hayre",Chennai,Tamil Nadu,Private Limited,10,Free,0,1.5Cr-5Cr,Free Active Seller,86,308,40,20,0,91,13,Mobile Site,3.39,87,83,Medium,97,16,27,4,Export,Packaging,Corrugated Box|Plastic Pouch|Labels
64000104,Lal Inc,Delhi,Delhi,LLP,5,Maximiser Pro,21,10L-40L,New Seller,78,389,50,23,21,46,40,Mobile Site,4.81,45,61,Medium,55,12,8,3,Regional,Chemicals,Paint Chemical|Industrial Solvents|Cleaning Chemical
64000105,"Raj, Halder and Bansal",Noida,Uttar Pradesh,Private Limited,7,IM IL,70,40L-1.5Cr,Churning Seller,72,491,62,116,7,43,77,Mobile Site,3.55,52,44,High,24,27,21,7,Export,Furniture,Modular Desk|Wooden Table|Sofa
64000106,Sachdeva Ltd,Jaipur,Rajasthan,Private Limited,3,IM Leader Pro,40,1.5Cr-5Cr,Lazy Seller,62,162,73,43,14,36,118,Mobile Site,3.55,25,21,High,12,14,32,5,National,Furniture,Wooden Table|Office Chair|Modular Desk
64000107,Ganesan-Suresh,Surat,Gujarat,Private Limited,5,IM IL,70,5Cr-20Cr,Power Seller,94,385,12,49,28,96,4,Desktop,3.54,89,83,Low,19,2,35,4,Export,Packaging,Labels|Plastic Pouch|Shipping Box
64000108,Lalla Inc,Ludhiana,Punjab,Proprietorship,2,Maximiser Pro,21,5Cr-20Cr,Premium Stable Seller,85,139,8,17,13,79,13,Desktop,4.36,91,85,Low,35,2,9,0,Export,Packaging,Corrugated Box|Labels|Plastic Pouch
64000109,Bhatia-Virk,Mumbai,Maharashtra,LLP,11,Free,0,10L-40L,Lazy Seller,52,484,13,25,7,38,81,Desktop,3.91,19,35,High,6,22,12,0,National,Machinery,Mixer Machine|Lathe Machine|Juice Machine
64000110,"Rau, Bala and Sachar",Noida,Uttar Pradesh,Proprietorship,15,IM Star Pro,30,5Cr-20Cr,New Seller,56,495,44,41,14,45,29,Desktop,4.65,58,64,Medium,38,25,30,4,Regional,Agriculture,Drip Irrigation|Fertilizers|Seeds
64000111,Khalsa-Lata,Gurugram,Haryana,Private Limited,3,Free,0,5Cr-20Cr,New Seller,75,424,39,23,6,53,21,App,4.08,40,68,Medium,45,10,6,6,Export,Agriculture,Fertilizers|Pesticides|Seeds
64000112,"Warrior, Ahluwalia and Amble",Gurugram,Haryana,Proprietorship,3,IM Leader Pro,40,10L-40L,Lazy Seller,55,405,36,47,19,20,73,App,4.31,22,22,High,19,23,45,3,Regional,Furniture,Sofa|Office Chair|Modular Desk
64000113,Guha-Sarraf,Gurugram,Haryana,LLP,5,IM IL,70,5Cr-20Cr,Churning Seller,71,208,80,33,14,62,64,Desktop,3.97,27,40,High,14,9,39,5,National,Furniture,Wooden Table|Office Chair|Sofa
64000114,"Baral, Chaudhuri and Banerjee",Bengaluru,Karnataka,LLP,13,Maximiser Pro,21,10L-40L,Premium Stable Seller,85,290,48,14,14,97,15,Mobile Site,4.73,77,94,Low,29,0,13,8,Regional,Garments,T-Shirts|Uniforms|Kids Wear
64000115,"Bal, Dada and Desai",Mumbai,Maharashtra,Private Limited,14,Free,0,40L-1.5Cr,Premium Stable Seller,81,480,67,19,1,84,14,Mobile Site,3.91,93,93,Low,17,3,37,0,Export,Electronics,Wireless CCTV|Adapters|Fiber Optic Cable
64000116,"Tandon, Bhatnagar and Handa",Noida,Uttar Pradesh,Private Limited,12,IM IL,70,10L-40L,Power Seller,90,236,46,94,8,85,5,App,3.25,98,84,Low,11,0,27,2,Regional,Machinery,Mixer Machine|Juice Machine|Lathe Machine
64000117,"Hari, Bhardwaj and Sodhi",Jaipur,Rajasthan,Private Limited,15,Free,0,5Cr-20Cr,Lazy Seller,64,354,46,8,2,44,50,Mobile Site,3.42,31,45,High,9,22,15,0,Regional,Machinery,Juice Machine|Lathe Machine|Packaging Machine
64000118,Mangal LLC,Ludhiana,Punjab,LLP,11,IM IL,70,10L-40L,New Seller,72,99,37,29,29,57,24,Desktop,4.58,47,59,Medium,46,28,27,0,Regional,Electronics,Wireless CCTV|HDMI Cable|CCTV Camera
64000119,Tripathi-Sathe,Ahmedabad,Gujarat,Partnership,2,Mini Dynamic Catalog (Monthly),7,10L-40L,Premium Stable Seller,92,42,53,33,3,97,13,Desktop,4.06,76,85,Low,38,1,19,3,Export,Agriculture,Seeds|Pesticides|Drip Irrigation
64000120,Arya PLC,Chennai,Tamil Nadu,Private Limited,10,IM Leader Pro,40,5Cr-20Cr,Premium Stable Seller,85,173,37,12,8,87,5,Mobile Site,4.04,91,85,Low,28,1,23,6,Export,Electronics,Wireless CCTV|HDMI Cable|Adapters
64000121,"Dayal, Biswas and Chahal",Surat,Gujarat,LLP,7,IM Star Pro,30,5Cr-20Cr,Churning Seller,62,173,20,64,29,41,85,App,4.15,35,47,High,12,6,9,6,Regional,Chemicals,Cleaning Chemical|Paint Chemical|Industrial Solvents
64000122,Mani-Koshy,Ludhiana,Punjab,Proprietorship,6,Mini Dynamic Catalog (Annual),10,10L-40L,New Seller,69,444,26,8,4,72,33,Desktop,3.52,42,62,Medium,58,17,38,8,Regional,Leather,Card Holder|Laptop Sleeve|Wallet
64000123,"Subramanian, Shah and Loke",Noida,Uttar Pradesh,Proprietorship,14,Free,0,40L-1.5Cr,Free Active Seller,79,406,63,12,11,65,8,App,4.76,76,71,Medium,98,24,36,5,National,Machinery,Lathe Machine|Mixer Machine|Juice Machine
64000124,Barman LLC,Jaipur,Rajasthan,LLP,9,IM Leader Pro,40,1.5Cr-5Cr,New Seller,64,258,14,65,20,53,33,App,3.9,56,73,Medium,50,11,37,3,Export,Machinery,Lathe Machine|Juice Machine|Packaging Machine
64000125,Shankar LLC,Mumbai,Maharashtra,Partnership,5,IM IL,70,5Cr-20Cr,Premium Stable Seller,87,311,33,68,43,82,6,Mobile Site,4.29,85,85,Low,27,2,32,7,Regional,Furniture,Wooden Table|Modular Desk|Sofa
64000126,Agrawal-Hegde,Surat,Gujarat,Proprietorship,3,Free,0,10L-40L,New Seller,60,288,6,7,0,74,44,App,3.43,60,75,Medium,36,29,41,3,Regional,Chemicals,Paint Chemical|Industrial Solvents|Cleaning Chemical
64000127,Tiwari Inc,Mumbai,Maharashtra,Partnership,4,Free,0,10L-40L,Premium Stable Seller,89,269,4,5,4,79,12,Desktop,4.1,95,93,Low,36,3,18,8,National,Leather,Wallet|Card Holder|Organizer Bag
64000128,Chauhan-Jhaveri,Delhi,Delhi,LLP,13,Mini Dynamic Catalog (Annual),10,5Cr-20Cr,Churning Seller,53,289,34,57,5,63,44,Desktop,3.83,35,26,High,24,13,26,7,Export,Leather,Wallet|Passport Holder|Laptop Sleeve
64000129,Sehgal PLC,Ahmedabad,Gujarat,Proprietorship,5,Mini Dynamic Catalog (Annual),10,10L-40L,New Seller,75,213,72,35,0,72,12,Mobile Site,3.49,42,57,Medium,47,25,32,6,Export,Packaging,Plastic Pouch|Shipping Box|Labels
64000130,Shan-Contractor,Surat,Gujarat,Partnership,15,Mini Dynamic Catalog (Monthly),7,40L-1.5Cr,Premium Stable Seller,85,43,11,48,4,84,14,App,3.23,93,93,Low,23,0,14,2,Export,Packaging,Corrugated Box|Shipping Box|Labels
64000131,Bobal Group,Jaipur,Rajasthan,Partnership,5,Maximiser Pro,21,10L-40L,Churning Seller,68,424,12,69,11,54,67,App,3.59,44,44,High,9,6,5,5,Export,Packaging,Corrugated Box|Plastic Pouch|Labels
64000132,Chawla Group,Chennai,Tamil Nadu,LLP,13,Free,0,5Cr-20Cr,Free Active Seller,70,202,72,17,13,85,9,Desktop,4.51,84,83,Medium,82,10,19,3,Export,Agriculture,Seeds|Fertilizers|Pesticides
64000133,"Samra, Bassi and Ray",Gurugram,Haryana,Partnership,5,IM IL,70,1.5Cr-5Cr,Churning Seller,72,66,2,44,28,39,74,Desktop,3.43,40,31,High,8,16,12,6,National,Packaging,Shipping Box|Plastic Pouch|Corrugated Box
64000134,Kalita PLC,Bengaluru,Karnataka,LLP,2,Mini Dynamic Catalog (Annual),10,40L-1.5Cr,Power Seller,93,169,54,29,1,87,11,Mobile Site,3.85,90,94,Low,10,1,9,4,National,Agriculture,Fertilizers|Drip Irrigation|Pesticides
64000135,Majumdar Inc,Ludhiana,Punjab,LLP,3,Trustseal Pro,14,40L-1.5Cr,Power Seller,95,59,48,21,3,93,8,App,3.38,89,97,Low,35,3,20,0,National,Agriculture,Seeds|Fertilizers|Pesticides
64000136,Mand-Chaudhuri,Surat,Gujarat,LLP,13,Free,0,1.5Cr-5Cr,Free Active Seller,84,173,43,24,6,75,11,Desktop,4.84,90,87,Medium,79,20,21,4,Export,Packaging,Labels|Shipping Box|Corrugated Box
64000137,"Sha, Rajan and Mall",Noida,Uttar Pradesh,Proprietorship,6,IM Star Pro,30,10L-40L,Lazy Seller,65,323,71,28,21,43,54,Mobile Site,3.98,39,33,High,11,29,14,7,National,Garments,Kids Wear|T-Shirts|Hoodies
64000138,Srivastava Group,Gurugram,Haryana,LLP,11,Trustseal Pro,14,5Cr-20Cr,Lazy Seller,59,424,50,9,7,35,72,Mobile Site,3.88,31,19,High,18,24,33,6,Export,Packaging,Labels|Shipping Box|Corrugated Box
64000139,Agate-Vala,Delhi,Delhi,Private Limited,12,Mini Dynamic Catalog (Annual),10,1.5Cr-5Cr,Premium Stable Seller,81,333,7,41,10,85,13,App,3.38,86,83,Low,35,3,7,4,Regional,Garments,Corporate Wear|Kids Wear|Uniforms
64000140,Handa Inc,Bengaluru,Karnataka,Proprietorship,8,Free,0,10L-40L,Free Active Seller,82,276,21,16,0,79,17,App,3.91,91,86,Medium,97,20,6,1,Export,Machinery,Mixer Machine|Juice Machine|Lathe Machine
64000141,Gera Group,Mumbai,Maharashtra,Private Limited,5,Free,0,10L-40L,Free Active Seller,84,263,14,19,14,90,8,App,3.28,86,83,Medium,86,15,8,0,National,Packaging,Plastic Pouch|Labels|Shipping Box
64000142,Halder-Agate,Gurugram,Haryana,Proprietorship,15,Maximiser Pro,21,40L-1.5Cr,New Seller,71,238,61,34,12,50,45,Desktop,4.29,45,55,Medium,52,25,28,6,Regional,Electronics,Wireless CCTV|CCTV Camera|Fiber Optic Cable
64000143,"Ranganathan, Wadhwa and Krishnan",Chennai,Tamil Nadu,Proprietorship,8,IM IL,70,1.5Cr-5Cr,Premium Stable Seller,90,405,10,78,13,78,14,App,3.54,81,84,Low,23,1,8,4,Export,Garments,Corporate Wear|Uniforms|Hoodies
64000144,Kota-Kapadia,Noida,Uttar Pradesh,Private Limited,10,IM IL,70,40L-1.5Cr,Lazy Seller,47,436,40,83,10,42,85,App,3.4,37,29,High,10,26,20,1,Regional,Electronics,CCTV Camera|Adapters|Wireless CCTV
64000145,Raj PLC,Surat,Gujarat,Proprietorship,9,IM IL,70,40L-1.5Cr,Lazy Seller,48,304,23,67,36,44,94,App,4.63,15,30,High,10,9,40,0,National,Machinery,Packaging Machine|Lathe Machine|Mixer Machine
64000146,"Raval, Chakrabarti and Handa",Delhi,Delhi,LLP,3,IM IL,70,10L-40L,Churning Seller,67,232,58,67,21,62,88,Desktop,3.7,46,41,High,20,7,18,3,Export,Machinery,Juice Machine|Mixer Machine|Packaging Machine
64000147,Sundaram-Joshi,Ludhiana,Punjab,Proprietorship,13,Free,0,10L-40L,Lazy Seller,72,297,7,19,6,27,113,Mobile Site,4.61,13,23,High,16,18,16,4,Regional,Machinery,Mixer Machine|Lathe Machine|Juice Machine
64000148,De-Mani,Noida,Uttar Pradesh,Private Limited,6,Free,0,40L-1.5Cr,Power Seller,85,332,56,10,9,92,5,Desktop,4.57,98,93,Low,32,1,37,5,Export,Chemicals,Industrial Solvents|Paint Chemical|Cleaning Chemical
64000149,"Kanda, Ganesh and Bansal",Ludhiana,Punjab,Proprietorship,6,IM Star Pro,30,1.5Cr-5Cr,New Seller,64,480,14,22,13,63,27,Mobile Site,3.42,70,72,Medium,51,6,9,3,Regional,Furniture,Office Chair|Sofa|Modular Desk
64000150,Garg Inc,Surat,Gujarat,Proprietorship,13,IM IL,70,1.5Cr-5Cr,New Seller,70,251,11,86,11,49,27,Mobile Site,4.79,60,58,Medium,47,17,24,7,National,Furniture,Modular Desk|Wooden Table|Office Chair
64000151,Dasgupta-Bose,Surat,Gujarat,Partnership,14,Mini Dynamic Catalog (Annual),10,5Cr-20Cr,New Seller,78,293,52,18,6,59,32,App,3.75,67,47,Medium,60,11,19,5,Export,Electronics,Adapters|HDMI Cable|CCTV Camera
64000152,"Bir, Swaminathan and Chakraborty",Chennai,Tamil Nadu,Proprietorship,10,IM Leader Pro,40,10L-40L,Lazy Seller,43,28,17,25,14,22,52,App,3.54,30,40,High,19,19,45,2,Export,Furniture,Office Chair|Sofa|Modular Desk
64000153,Seshadri-Gera,Ludhiana,Punjab,Proprietorship,14,Free,0,1.5Cr-5Cr,Free Active Seller,72,360,23,6,3,85,10,Mobile Site,4.39,78,70,Medium,86,25,15,6,Export,Chemicals,Paint Chemical|Cleaning Chemical|Industrial Solvents
64000154,Kumer Group,Gurugram,Haryana,Partnership,1,Free,0,40L-1.5Cr,Churning Seller,52,24,3,15,3,38,53,App,3.32,53,41,High,19,18,25,1,Export,Electronics,Adapters|Fiber Optic Cable|CCTV Camera
64000155,Bava-Luthra,Gurugram,Haryana,Partnership,6,Free,0,40L-1.5Cr,Free Active Seller,79,93,10,21,0,69,11,App,3.8,74,88,Medium,96,24,14,2,National,Packaging,Shipping Box|Corrugated Box|Labels
64000156,"Saxena, Babu and Buch",Chennai,Tamil Nadu,LLP,14,Mini Dynamic Catalog (Annual),10,1.5Cr-5Cr,Churning Seller,78,199,56,25,2,36,42,Mobile Site,3.34,27,38,High,17,12,36,4,Export,Chemicals,Paint Chemical|Cleaning Chemical|Industrial Solvents
64000157,Dugar-Jain,Delhi,Delhi,Private Limited,4,Maximiser Pro,21,10L-40L,Premium Stable Seller,90,217,16,35,15,87,13,App,4.79,76,85,Low,30,0,9,6,Export,Packaging,Labels|Plastic Pouch|Shipping Box
64000158,Mannan Group,Jaipur,Rajasthan,Private Limited,9,Trustseal Pro,14,5Cr-20Cr,New Seller,79,27,35,18,0,60,14,Mobile Site,3.69,40,63,Medium,37,6,33,6,National,Agriculture,Drip Irrigation|Fertilizers|Pesticides
64000159,Sarma Group,Jaipur,Rajasthan,Partnership,11,Trustseal Pro,14,10L-40L,Premium Stable Seller,86,433,21,39,5,80,7,App,4.39,77,94,Low,21,3,16,0,Regional,Chemicals,Industrial Solvents|Paint Chemical|Cleaning Chemical
64000160,Kalla-Virk,Gurugram,Haryana,LLP,2,Mini Dynamic Catalog (Monthly),7,1.5Cr-5Cr,Lazy Seller,59,379,3,15,7,31,55,Desktop,3.83,10,37,High,9,16,18,1,Regional,Agriculture,Fertilizers|Drip Irrigation|Pesticides
64000161,Thaker-Doctor,Surat,Gujarat,LLP,5,Mini Dynamic Catalog (Annual),10,1.5Cr-5Cr,Premium Stable Seller,86,281,48,8,7,96,13,Desktop,3.63,77,93,Low,29,1,7,1,Regional,Chemicals,Industrial Solvents|Cleaning Chemical|Paint Chemical
64000162,Golla-Sridhar,Bengaluru,Karnataka,Partnership,1,Maximiser Pro,21,40L-1.5Cr,Power Seller,83,496,6,58,7,100,7,App,4.76,92,86,Low,15,2,21,4,Regional,Leather,Card Holder|Wallet|Laptop Sleeve
64000163,Ben LLC,Chennai,Tamil Nadu,Private Limited,2,Mini Dynamic Catalog (Monthly),7,10L-40L,Premium Stable Seller,83,55,61,23,4,85,15,Mobile Site,3.98,91,79,Low,27,2,24,3,National,Furniture,Sofa|Wooden Table|Modular Desk
64000164,"Mammen, Kar and Subramanian",Chennai,Tamil Nadu,Private Limited,12,Maximiser Pro,21,5Cr-20Cr,Premium Stable Seller,92,481,71,36,4,89,12,Desktop,3.6,90,84,Low,38,0,23,0,National,Garments,Hoodies|Uniforms|T-Shirts
64000165,Setty Ltd,Delhi,Delhi,LLP,14,IM Star Pro,30,40L-1.5Cr,New Seller,58,50,20,40,2,51,43,Mobile Site,3.9,47,58,Medium,50,6,24,7,Export,Machinery,Mixer Machine|Juice Machine|Packaging Machine
64000166,Boase Ltd,Gurugram,Haryana,Partnership,9,IM IL,70,1.5Cr-5Cr,Churning Seller,52,153,42,107,50,33,80,App,3.97,28,27,High,14,27,15,1,Regional,Agriculture,Drip Irrigation|Fertilizers|Seeds
64000167,Shah Inc,Mumbai,Maharashtra,Partnership,3,Trustseal Pro,14,1.5Cr-5Cr,Power Seller,96,203,28,33,4,99,7,Desktop,3.35,93,85,Low,27,3,44,4,Export,Electronics,Fiber Optic Cable|HDMI Cable|Wireless CCTV
64000168,Sood-Gade,Chennai,Tamil Nadu,Partnership,4,Free,0,10L-40L,Free Active Seller,74,282,8,14,4,67,16,App,4.65,77,79,Medium,87,10,36,8,Regional,Machinery,Lathe Machine|Mixer Machine|Juice Machine
64000169,Mangat and Sons,Gurugram,Haryana,LLP,2,Mini Dynamic Catalog (Annual),10,10L-40L,Churning Seller,50,210,12,42,9,33,53,Desktop,4.9,28,26,High,17,13,13,7,Regional,Agriculture,Pesticides|Fertilizers|Drip Irrigation
64000170,"Mahal, Bhavsar and Gour",Gurugram,Haryana,Private Limited,2,Free,0,40L-1.5Cr,Power Seller,83,35,50,18,5,90,11,Desktop,3.67,93,94,Low,25,2,29,2,Regional,Chemicals,Paint Chemical|Cleaning Chemical|Industrial Solvents
64000171,"Rajagopalan, Krishnan and Dixit",Chennai,Tamil Nadu,Proprietorship,11,Free,0,40L-1.5Cr,Free Active Seller,85,163,51,9,6,78,13,Mobile Site,4.89,85,69,Medium,77,11,35,0,National,Furniture,Sofa|Office Chair|Modular Desk
64000172,Andra Ltd,Surat,Gujarat,LLP,9,IM Leader Pro,40,1.5Cr-5Cr,Lazy Seller,72,183,78,33,1,40,89,Desktop,4.57,18,20,High,5,30,31,8,National,Machinery,Lathe Machine|Packaging Machine|Mixer Machine
64000173,Ramanathan Ltd,Chennai,Tamil Nadu,Proprietorship,3,Maximiser Pro,21,40L-1.5Cr,Power Seller,89,453,51,50,5,93,10,Mobile Site,3.74,81,89,Low,28,1,45,5,Export,Machinery,Juice Machine|Lathe Machine|Mixer Machine
64000174,"Sridhar, Ratta and Saini",Delhi,Delhi,Private Limited,10,Trustseal Pro,14,10L-40L,Premium Stable Seller,84,39,13,8,3,93,11,Mobile Site,4.01,84,83,Low,30,1,22,3,Regional,Furniture,Sofa|Office Chair|Modular Desk
64000175,Vora-Wason,Surat,Gujarat,Proprietorship,15,Free,0,1.5Cr-5Cr,Free Active Seller,71,416,16,21,11,65,7,Mobile Site,4.8,88,90,Medium,79,7,26,1,National,Furniture,Wooden Table|Modular Desk|Office Chair
64000176,Lanka-Dua,Ludhiana,Punjab,Private Limited,3,IM IL,70,40L-1.5Cr,Churning Seller,75,375,80,105,45,61,65,App,3.72,31,42,High,22,12,45,4,Regional,Furniture,Office Chair|Sofa|Modular Desk
64000177,"Ben, Devi and Saxena",Mumbai,Maharashtra,Partnership,12,IM IL,70,10L-40L,Premium Stable Seller,79,309,15,68,18,83,12,Desktop,3.79,85,85,Low,35,2,21,2,Export,Furniture,Office Chair|Modular Desk|Wooden Table
64000178,Dass-Ranganathan,Gurugram,Haryana,Private Limited,8,IM Star Pro,30,5Cr-20Cr,Power Seller,88,75,2,11,6,92,3,Desktop,4.7,91,90,Low,35,3,32,6,National,Leather,Card Holder|Passport Holder|Laptop Sleeve
64000179,"Sen, Manne and Ray",Bengaluru,Karnataka,LLP,2,Maximiser Pro,21,10L-40L,Lazy Seller,50,170,4,45,8,48,49,App,3.49,35,42,High,6,8,25,2,Export,Furniture,Modular Desk|Wooden Table|Sofa
64000180,"Kulkarni, Sidhu and Chokshi",Gurugram,Haryana,Partnership,6,Free,0,5Cr-20Cr,Premium Stable Seller,78,47,14,15,6,91,13,Mobile Site,4.14,80,91,Low,20,1,35,4,Export,Chemicals,Industrial Solvents|Paint Chemical|Cleaning Chemical
64000181,Sarin-Madan,Ludhiana,Punjab,Private Limited,4,Mini Dynamic Catalog (Monthly),7,10L-40L,Power Seller,94,238,13,23,7,100,4,Desktop,3.55,81,93,Low,10,1,41,4,Regional,Agriculture,Seeds|Drip Irrigation|Fertilizers
64000182,"Goda, Kara and Saha",Noida,Uttar Pradesh,Partnership,5,Free,0,5Cr-20Cr,Lazy Seller,71,114,49,17,11,36,51,Desktop,3.65,30,32,High,17,10,30,4,Regional,Agriculture,Seeds|Pesticides|Drip Irrigation
64000183,Khanna-Jayaraman,Ludhiana,Punjab,Partnership,3,Mini Dynamic Catalog (Annual),10,5Cr-20Cr,New Seller,57,407,77,19,8,66,32,Mobile Site,3.91,65,62,Medium,48,6,35,7,Export,Leather,Wallet|Organizer Bag|Passport Holder
64000184,"Dalal, Chaudhary and Ganguly",Ahmedabad,Gujarat,LLP,5,IM IL,70,10L-40L,Power Seller,83,128,26,21,1,89,3,Mobile Site,3.94,94,87,Low,15,3,41,2,Export,Machinery,Packaging Machine|Lathe Machine|Juice Machine
64000185,Bala-Golla,Ludhiana,Punjab,Private Limited,15,Mini Dynamic Catalog (Annual),10,5Cr-20Cr,New Seller,57,458,37,38,7,57,45,Desktop,3.9,52,62,Medium,45,5,10,1,Regional,Machinery,Mixer Machine|Juice Machine|Lathe Machine
64000186,"Chauhan, Babu and Jayaraman",Chennai,Tamil Nadu,Partnership,13,Free,0,40L-1.5Cr,Free Active Seller,87,268,75,24,15,76,11,App,3.89,78,80,Medium,95,6,40,6,Regional,Furniture,Modular Desk|Wooden Table|Office Chair
64000187,Bhasin-Jayaraman,Jaipur,Rajasthan,Private Limited,12,Mini Dynamic Catalog (Monthly),7,10L-40L,Churning Seller,73,438,40,24,4,60,59,Desktop,3.43,43,20,High,15,20,29,5,National,Electronics,HDMI Cable|Adapters|Wireless CCTV
64000188,Raju-Goswami,Jaipur,Rajasthan,Partnership,4,Maximiser Pro,21,5Cr-20Cr,Lazy Seller,66,283,22,13,4,51,106,Desktop,4.53,37,26,High,6,27,34,0,Regional,Electronics,HDMI Cable|Adapters|CCTV Camera
64000189,Chana Ltd,Ahmedabad,Gujarat,Proprietorship,14,Maximiser Pro,21,10L-40L,Power Seller,83,208,61,69,12,99,2,Desktop,3.83,91,88,Low,18,0,39,7,Regional,Electronics,HDMI Cable|CCTV Camera|Adapters
64000190,Kulkarni-Chaudhary,Noida,Uttar Pradesh,Private Limited,6,IM Star Pro,30,40L-1.5Cr,Churning Seller,73,103,75,32,27,35,61,Mobile Site,3.55,21,32,High,6,12,42,6,Export,Agriculture,Drip Irrigation|Fertilizers|Seeds
64000191,"Wason, Shanker and Lall",Delhi,Delhi,Partnership,8,Trustseal Pro,14,1.5Cr-5Cr,Churning Seller,69,384,37,32,14,30,53,App,3.63,36,39,High,14,17,30,4,Export,Machinery,Lathe Machine|Mixer Machine|Juice Machine
64000192,Mani-Madan,Bengaluru,Karnataka,LLP,10,Mini Dynamic Catalog (Monthly),7,1.5Cr-5Cr,Power Seller,93,192,37,45,5,94,6,Mobile Site,4.41,83,97,Low,12,2,42,4,Regional,Agriculture,Seeds|Pesticides|Drip Irrigation
64000193,"Hayer, Bora and Wason",Mumbai,Maharashtra,Proprietorship,15,IM IL,70,40L-1.5Cr,Power Seller,92,484,55,56,24,89,2,App,4.44,95,91,Low,18,0,15,8,Export,Furniture,Wooden Table|Modular Desk|Office Chair
64000194,"Uppal, Ganesan and Bassi",Noida,Uttar Pradesh,Private Limited,9,Free,0,40L-1.5Cr,Free Active Seller,75,69,62,9,4,91,15,Mobile Site,4.73,87,73,Medium,84,28,42,1,Regional,Machinery,Juice Machine|Mixer Machine|Packaging Machine
64000195,Kannan PLC,Surat,Gujarat,Proprietorship,12,Free,0,10L-40L,Free Active Seller,83,170,61,8,7,90,10,App,4.71,81,76,Medium,93,6,33,1,Export,Electronics,CCTV Camera|HDMI Cable|Wireless CCTV
64000196,Devi LLC,Jaipur,Rajasthan,Private Limited,7,Trustseal Pro,14,1.5Cr-5Cr,Power Seller,86,181,25,54,1,91,7,Mobile Site,4.88,93,96,Low,14,3,21,0,Regional,Furniture,Modular Desk|Office Chair|Wooden Table
64000197,"Bains, Gala and Sabharwal",Noida,Uttar Pradesh,Private Limited,4,Trustseal Pro,14,10L-40L,Churning Seller,65,226,56,35,6,35,41,Mobile Site,3.54,47,40,High,18,5,24,0,National,Furniture,Modular Desk|Wooden Table|Sofa
64000198,Chaudhary-Swaminathan,Bengaluru,Karnataka,Proprietorship,1,Mini Dynamic Catalog (Monthly),7,1.5Cr-5Cr,New Seller,75,196,41,13,1,68,25,Desktop,3.31,47,67,Medium,63,17,3,4,National,Agriculture,Seeds|Pesticides|Drip Irrigation
64000199,"Arya, Deshpande and Goswami",Noida,Uttar Pradesh,Private Limited,7,Trustseal Pro,14,40L-1.5Cr,New Seller,65,104,53,6,1,73,41,Desktop,4.45,51,69,Medium,41,12,38,8,Regional,Packaging,Plastic Pouch|Shipping Box|Labels
64000200,Chaudhary-Sama,Gurugram,Haryana,Private Limited,12,Mini Dynamic Catalog (Monthly),7,10L-40L,New Seller,67,44,78,8,1,73,26,Desktop,4.37,64,62,Medium,54,25,27,7,National,Garments,T-Shirts|Uniforms|Corporate Wear
64000201,Tata Group,Gurugram,Haryana,Private Limited,8,Trustseal Pro,14,40L-1.5Cr,New Seller,61,71,68,22,9,67,10,App,4.61,49,58,Medium,56,24,7,8,Export,Garments,Corporate Wear|T-Shirts|Kids Wear
64000202,Tripathi and Sons,Chennai,Tamil Nadu,Partnership,5,Mini Dynamic Catalog (Annual),10,40L-1.5Cr,Power Seller,97,123,47,50,6,91,11,Desktop,4.13,86,90,Low,26,2,14,7,National,Agriculture,Drip Irrigation|Fertilizers|Seeds
64000203,"Verma, Srivastava and Singhal",Ahmedabad,Gujarat,Partnership,1,Mini Dynamic Catalog (Annual),10,40L-1.5Cr,New Seller,58,419,67,9,1,71,41,App,4.88,44,75,Medium,37,13,19,4,National,Packaging,Shipping Box|Corrugated Box|Labels
64000204,Vohra PLC,Delhi,Delhi,Partnership,14,Mini Dynamic Catalog (Monthly),7,40L-1.5Cr,Churning Seller,77,68,7,5,1,48,71,App,3.81,40,33,High,8,26,29,4,Export,Chemicals,Cleaning Chemical|Paint Chemical|Industrial Solvents
64000205,Khanna PLC,Gurugram,Haryana,Private Limited,14,Free,0,40L-1.5Cr,Free Active Seller,75,447,51,20,13,68,11,Desktop,3.43,82,82,Medium,83,25,4,2,Regional,Electronics,HDMI Cable|Fiber Optic Cable|Adapters
64000206,Chaudry-Mane,Jaipur,Rajasthan,LLP,13,Free,0,5Cr-20Cr,Premium Stable Seller,83,470,18,20,15,97,9,App,3.28,86,78,Low,36,0,17,5,Regional,Agriculture,Pesticides|Drip Irrigation|Fertilizers
64000207,Bath-Ratta,Bengaluru,Karnataka,Proprietorship,11,Free,0,5Cr-20Cr,Free Active Seller,86,241,33,20,11,81,16,Desktop,4.63,92,87,Medium,78,26,36,0,Regional,Garments,Kids Wear|T-Shirts|Uniforms
64000208,Ramaswamy-Suresh,Mumbai,Maharashtra,LLP,14,Trustseal Pro,14,5Cr-20Cr,Lazy Seller,44,45,66,19,8,51,81,App,4.59,17,25,High,13,25,6,7,National,Furniture,Sofa|Office Chair|Wooden Table
64000209,"Yadav, Som and Shetty",Chennai,Tamil Nadu,LLP,2,Free,0,10L-40L,Lazy Seller,60,72,53,18,1,27,103,Desktop,4.55,33,35,High,5,22,40,4,Export,Garments,Hoodies|Kids Wear|Uniforms
64000210,Dara Ltd,Bengaluru,Karnataka,Proprietorship,11,Free,0,1.5Cr-5Cr,New Seller,65,252,44,22,15,56,13,Mobile Site,3.97,66,52,Medium,62,27,7,3,Regional,Garments,Uniforms|Corporate Wear|Kids Wear
64000211,"Samra, Seshadri and Dhaliwal",Surat,Gujarat,Private Limited,14,IM Star Pro,30,5Cr-20Cr,New Seller,72,479,23,68,4,61,33,Desktop,3.63,62,48,Medium,36,27,13,3,Regional,Agriculture,Drip Irrigation|Seeds|Pesticides
64000212,Karnik PLC,Jaipur,Rajasthan,Proprietorship,8,IM Leader Pro,40,10L-40L,Churning Seller,53,254,77,69,8,56,30,Mobile Site,4.45,27,44,High,19,20,36,6,Export,Furniture,Wooden Table|Modular Desk|Sofa
64000213,Chaudhary Group,Noida,Uttar Pradesh,Proprietorship,12,Trustseal Pro,14,1.5Cr-5Cr,Premium Stable Seller,82,471,51,31,9,81,9,App,4.84,94,88,Low,31,1,19,7,Regional,Agriculture,Seeds|Drip Irrigation|Pesticides
64000214,Varma LLC,Mumbai,Maharashtra,LLP,10,IM Star Pro,30,1.5Cr-5Cr,New Seller,77,303,29,30,6,62,30,Mobile Site,3.79,62,68,Medium,64,24,44,2,Export,Leather,Organizer Bag|Passport Holder|Laptop Sleeve
64000215,Kumar-Chadha,Mumbai,Maharashtra,Private Limited,12,IM Leader Pro,40,5Cr-20Cr,Power Seller,97,433,3,71,6,98,12,Desktop,3.29,97,91,Low,23,0,4,3,National,Packaging,Corrugated Box|Shipping Box|Plastic Pouch
64000216,"Krishnan, Khalsa and Dani",Mumbai,Maharashtra,Private Limited,11,Free,0,10L-40L,Free Active Seller,74,405,71,6,2,91,5,Mobile Site,4.68,92,77,Medium,81,19,36,3,Export,Agriculture,Seeds|Pesticides|Drip Irrigation
64000217,Bora LLC,Bengaluru,Karnataka,LLP,4,IM Star Pro,30,40L-1.5Cr,Premium Stable Seller,79,47,3,37,6,90,9,Mobile Site,4.4,88,88,Low,32,3,42,5,Export,Agriculture,Pesticides|Drip Irrigation|Fertilizers
64000218,"Bhalla, Shroff and Ratta",Bengaluru,Karnataka,Proprietorship,13,Maximiser Pro,21,5Cr-20Cr,New Seller,64,108,67,20,12,59,21,App,4.15,61,47,Medium,40,6,9,2,Export,Packaging,Shipping Box|Labels|Corrugated Box
64000219,"Baria, Badal and Wason",Ludhiana,Punjab,Partnership,6,Trustseal Pro,14,1.5Cr-5Cr,Lazy Seller,42,271,75,40,5,29,81,Mobile Site,3.57,29,16,High,14,7,12,8,Regional,Agriculture,Fertilizers|Drip Irrigation|Seeds
64000220,Walia-Hans,Bengaluru,Karnataka,Proprietorship,7,IM IL,70,10L-40L,Premium Stable Seller,80,204,39,32,30,89,6,Mobile Site,3.79,81,88,Low,25,0,16,3,Regional,Leather,Passport Holder|Organizer Bag|Wallet
64000221,"Vig, Dora and Verma",Surat,Gujarat,LLP,15,IM IL,70,1.5Cr-5Cr,Power Seller,90,431,67,62,31,94,2,Mobile Site,3.53,96,93,Low,26,0,33,1,Regional,Chemicals,Paint Chemical|Cleaning Chemical|Industrial Solvents
64000222,Agarwal-Bedi,Mumbai,Maharashtra,Partnership,11,Maximiser Pro,21,1.5Cr-5Cr,Power Seller,88,438,11,24,0,98,3,Desktop,3.35,86,95,Low,30,3,4,2,National,Furniture,Sofa|Modular Desk|Wooden Table
64000223,Lanka-Soman,Bengaluru,Karnataka,Partnership,10,IM Star Pro,30,10L-40L,Churning Seller,63,28,51,20,17,54,82,Mobile Site,4.2,45,33,High,15,5,45,1,National,Leather,Card Holder|Laptop Sleeve|Wallet
64000224,Shetty LLC,Bengaluru,Karnataka,Partnership,5,IM Star Pro,30,40L-1.5Cr,New Seller,74,215,52,8,7,47,28,Desktop,4.47,64,74,Medium,49,10,35,4,Export,Chemicals,Paint Chemical|Cleaning Chemical|Industrial Solvents
64000225,"Raj, Taneja and Jaggi",Mumbai,Maharashtra,Private Limited,11,IM Leader Pro,40,10L-40L,New Seller,55,22,75,81,25,62,45,App,3.56,44,48,Medium,36,22,23,3,National,Chemicals,Industrial Solvents|Paint Chemical|Cleaning Chemical
64000226,Sagar-Sarna,Bengaluru,Karnataka,Proprietorship,3,Maximiser Pro,21,10L-40L,Churning Seller,69,456,8,64,20,46,49,App,4.34,27,25,High,23,22,17,1,Regional,Machinery,Mixer Machine|Packaging Machine|Juice Machine
64000227,"Keer, Khalsa and Khare",Chennai,Tamil Nadu,LLP,6,Free,0,5Cr-20Cr,Free Active Seller,74,337,10,11,5,86,15,App,4.25,77,71,Medium,84,20,20,2,Export,Agriculture,Drip Irrigation|Fertilizers|Seeds
64000228,Lala PLC,Chennai,Tamil Nadu,Private Limited,13,Free,0,40L-1.5Cr,Free Active Seller,83,384,57,13,13,70,5,Mobile Site,4.45,80,75,Medium,82,16,31,7,National,Agriculture,Seeds|Drip Irrigation|Fertilizers
64000229,Kari LLC,Surat,Gujarat,Private Limited,8,Mini Dynamic Catalog (Annual),10,10L-40L,Premium Stable Seller,83,476,70,17,4,98,12,Desktop,4.64,77,86,Low,19,0,41,0,Export,Electronics,Wireless CCTV|CCTV Camera|Fiber Optic Cable
64000230,Kadakia-Shetty,Chennai,Tamil Nadu,LLP,13,Maximiser Pro,21,1.5Cr-5Cr,Premium Stable Seller,79,354,21,51,12,95,7,Desktop,3.99,92,95,Low,30,1,33,1,National,Agriculture,Seeds|Pesticides|Drip Irrigation
64000231,"Chad, Wali and Bava",Surat,Gujarat,Partnership,11,Trustseal Pro,14,5Cr-20Cr,Churning Seller,74,309,74,47,13,62,42,App,3.27,48,25,High,10,9,32,3,Regional,Packaging,Labels|Corrugated Box|Shipping Box
64000232,"Ravel, Bora and Ramachandran",Ludhiana,Punjab,Private Limited,4,Maximiser Pro,21,1.5Cr-5Cr,Power Seller,93,352,43,18,16,97,9,Mobile Site,4.13,94,83,Low,11,2,12,6,Export,Furniture,Sofa|Modular Desk|Wooden Table
64000233,Kothari-Goda,Jaipur,Rajasthan,Private Limited,10,Mini Dynamic Catalog (Annual),10,5Cr-20Cr,New Seller,71,227,47,57,5,53,34,Mobile Site,3.21,69,52,Medium,51,20,9,7,Regional,Electronics,Fiber Optic Cable|Wireless CCTV|HDMI Cable
64000234,"Deo, Kibe and Khanna",Ahmedabad,Gujarat,Partnership,9,IM Star Pro,30,1.5Cr-5Cr,New Seller,61,387,17,34,13,49,21,Mobile Site,3.39,45,56,Medium,54,30,44,7,National,Agriculture,Seeds|Pesticides|Drip Irrigation
64000235,"Chand, Sunder and Roy",Ahmedabad,Gujarat,Proprietorship,11,Mini Dynamic Catalog (Monthly),7,40L-1.5Cr,Lazy Seller,55,88,67,7,2,22,56,App,4.77,28,33,High,10,6,34,6,Export,Machinery,Lathe Machine|Packaging Machine|Mixer Machine
64000236,Bal-Khosla,Chennai,Tamil Nadu,Partnership,15,IM Star Pro,30,40L-1.5Cr,New Seller,57,266,23,33,26,51,38,Mobile Site,4.59,59,60,Medium,62,18,12,8,National,Packaging,Corrugated Box|Plastic Pouch|Shipping Box
64000237,Din LLC,Mumbai,Maharashtra,Private Limited,15,Mini Dynamic Catalog (Annual),10,5Cr-20Cr,Lazy Seller,54,123,68,60,8,44,89,Desktop,4.23,14,18,High,5,26,12,7,Export,Agriculture,Fertilizers|Pesticides|Drip Irrigation
64000238,Sha-Jha,Chennai,Tamil Nadu,Partnership,15,Mini Dynamic Catalog (Annual),10,10L-40L,Premium Stable Seller,80,479,57,38,6,93,13,Mobile Site,4.1,79,95,Low,15,2,15,7,National,Garments,T-Shirts|Corporate Wear|Hoodies
64000239,Luthra Group,Surat,Gujarat,Partnership,7,IM Star Pro,30,10L-40L,Churning Seller,65,229,34,29,0,44,35,Mobile Site,4.09,38,39,High,22,27,34,0,National,Furniture,Sofa|Wooden Table|Modular Desk
64000240,Raju-Mallick,Ahmedabad,Gujarat,Private Limited,7,Free,0,1.5Cr-5Cr,Free Active Seller,73,153,70,18,11,69,11,Mobile Site,3.88,90,86,Medium,83,24,14,6,Export,Leather,Wallet|Card Holder|Organizer Bag
64000241,Bail-Sarna,Bengaluru,Karnataka,LLP,3,Free,0,40L-1.5Cr,Free Active Seller,87,196,52,9,1,82,12,App,4.53,78,77,Medium,93,28,11,1,Regional,Leather,Wallet|Laptop Sleeve|Passport Holder
64000242,"Wali, Sandhu and Bhat",Bengaluru,Karnataka,LLP,13,Free,0,10L-40L,Free Active Seller,87,102,51,25,0,84,16,Desktop,4,91,90,Medium,76,30,39,6,Regional,Packaging,Labels|Shipping Box|Corrugated Box
64000243,Sane-Vala,Gurugram,Haryana,Private Limited,4,Free,0,10L-40L,Free Active Seller,72,355,68,14,11,84,5,Desktop,4.29,82,80,Medium,94,24,29,0,Regional,Machinery,Mixer Machine|Lathe Machine|Juice Machine
64000244,Kant-Sangha,Bengaluru,Karnataka,Private Limited,4,Maximiser Pro,21,5Cr-20Cr,Power Seller,87,64,37,56,11,86,7,Mobile Site,3.54,87,82,Low,15,3,1,1,Regional,Agriculture,Pesticides|Drip Irrigation|Seeds
64000245,"Badami, Dave and Chander",Bengaluru,Karnataka,Private Limited,12,IM Leader Pro,40,40L-1.5Cr,Premium Stable Seller,89,496,53,78,0,86,6,App,4.06,94,84,Low,29,2,36,1,Export,Agriculture,Pesticides|Drip Irrigation|Seeds
64000246,Bhatia and Sons,Ludhiana,Punjab,Private Limited,2,IM Star Pro,30,10L-40L,Premium Stable Seller,86,144,45,63,21,92,9,App,3.4,93,93,Low,39,3,5,6,Export,Electronics,Wireless CCTV|Fiber Optic Cable|Adapters
64000247,"Das, Sahni and Sidhu",Ahmedabad,Gujarat,Proprietorship,13,Free,0,5Cr-20Cr,Free Active Seller,83,446,35,12,4,76,13,Mobile Site,4.47,87,68,Medium,97,7,22,1,Export,Furniture,Modular Desk|Sofa|Wooden Table
64000248,Banik-Vasa,Mumbai,Maharashtra,LLP,6,Free,0,1.5Cr-5Cr,Free Active Seller,76,275,27,12,11,83,9,Desktop,3.59,75,89,Medium,81,12,16,5,Regional,Agriculture,Pesticides|Seeds|Fertilizers
64000249,Gulati-Wable,Gurugram,Haryana,Partnership,15,Free,0,1.5Cr-5Cr,Power Seller,82,479,75,13,7,86,9,App,3.58,91,92,Low,25,1,37,2,Regional,Agriculture,Seeds|Drip Irrigation|Fertilizers
64000250,"Chana, Aggarwal and Ray",Bengaluru,Karnataka,LLP,8,Mini Dynamic Catalog (Monthly),7,10L-40L,Premium Stable Seller,94,377,68,34,5,89,9,Mobile Site,3.56,80,92,Low,18,0,38,1,National,Chemicals,Paint Chemical|Cleaning Chemical|Industrial Solvents
64000251,Rajagopal PLC,Surat,Gujarat,Private Limited,3,IM Star Pro,30,1.5Cr-5Cr,Premium Stable Seller,85,114,65,59,6,86,10,App,4.65,94,88,Low,26,3,18,7,Regional,Garments,Kids Wear|Corporate Wear|T-Shirts
64000252,"Kumar, Hayer and Mangal",Chennai,Tamil Nadu,Proprietorship,10,Maximiser Pro,21,40L-1.5Cr,New Seller,58,241,50,30,4,68,27,App,4.57,65,52,Medium,52,30,12,6,National,Garments,Hoodies|Kids Wear|Uniforms
64000253,Bains-Rama,Mumbai,Maharashtra,Private Limited,13,IM Star Pro,30,5Cr-20Cr,Lazy Seller,56,373,22,12,3,55,112,Mobile Site,3.36,11,27,High,8,13,22,4,National,Machinery,Lathe Machine|Packaging Machine|Mixer Machine
64000254,Sandal LLC,Surat,Gujarat,Private Limited,6,IM IL,70,5Cr-20Cr,Power Seller,85,165,47,46,43,96,12,Desktop,3.85,86,87,Low,34,3,19,7,Export,Furniture,Wooden Table|Sofa|Office Chair
64000255,Dayal-Kala,Mumbai,Maharashtra,Proprietorship,11,Free,0,1.5Cr-5Cr,Free Active Seller,83,60,22,15,7,85,14,Mobile Site,3.7,88,80,Medium,77,15,18,6,National,Garments,Corporate Wear|Kids Wear|T-Shirts
64000256,Golla-Goda,Noida,Uttar Pradesh,Private Limited,12,Free,0,5Cr-20Cr,Premium Stable Seller,91,140,34,7,3,83,5,Desktop,3.36,75,82,Low,38,1,31,8,Regional,Chemicals,Paint Chemical|Industrial Solvents|Cleaning Chemical
64000257,Dube Inc,Delhi,Delhi,LLP,9,Mini Dynamic Catalog (Annual),10,40L-1.5Cr,Power Seller,90,146,38,33,10,89,3,Mobile Site,4.63,92,91,Low,17,1,2,0,Export,Furniture,Sofa|Modular Desk|Wooden Table
64000258,"Bhatt, Chawla and Chauhan",Surat,Gujarat,Private Limited,14,Free,0,1.5Cr-5Cr,Lazy Seller,57,322,78,19,13,55,96,App,4.02,14,45,High,10,21,15,1,National,Leather,Wallet|Laptop Sleeve|Organizer Bag
64000259,Guha-Dani,Ludhiana,Punjab,Private Limited,7,Free,0,5Cr-20Cr,Free Active Seller,74,196,38,20,0,74,5,App,3.71,70,84,Medium,79,27,28,4,Export,Chemicals,Paint Chemical|Cleaning Chemical|Industrial Solvents
64000260,"Kade, Barad and Deo",Ahmedabad,Gujarat,Partnership,9,Free,0,10L-40L,Free Active Seller,76,103,51,17,7,78,13,App,4.26,83,80,Medium,82,13,34,4,National,Furniture,Modular Desk|Wooden Table|Sofa
64000261,"Buch, Handa and Vyas",Bengaluru,Karnataka,Private Limited,7,Mini Dynamic Catalog (Annual),10,40L-1.5Cr,Churning Seller,55,336,59,22,9,38,62,App,3.23,27,40,High,19,20,4,8,Regional,Electronics,Wireless CCTV|CCTV Camera|Adapters
64000262,"Bhalla, Rattan and Bumb",Mumbai,Maharashtra,Partnership,5,Free,0,5Cr-20Cr,Free Active Seller,74,97,3,20,6,87,12,App,4.54,70,75,Medium,77,15,32,5,National,Machinery,Mixer Machine|Lathe Machine|Juice Machine
64000263,"Ganesan, Manda and Chander",Delhi,Delhi,Private Limited,2,Mini Dynamic Catalog (Monthly),7,10L-40L,Churning Seller,58,118,34,57,6,55,34,Mobile Site,3.62,54,35,High,10,5,29,3,Export,Electronics,Wireless CCTV|CCTV Camera|HDMI Cable
64000264,Bora LLC,Delhi,Delhi,Proprietorship,8,Mini Dynamic Catalog (Annual),10,10L-40L,New Seller,71,179,43,15,10,66,23,Mobile Site,4.79,55,57,Medium,56,28,34,1,National,Electronics,Wireless CCTV|Fiber Optic Cable|Adapters
64000265,Bakshi-Dass,Noida,Uttar Pradesh,Private Limited,4,Free,0,1.5Cr-5Cr,Free Active Seller,71,344,57,15,0,92,15,Mobile Site,3.4,76,71,Medium,82,10,16,0,Regional,Furniture,Modular Desk|Sofa|Wooden Table
64000266,Dasgupta-Sur,Chennai,Tamil Nadu,LLP,12,Trustseal Pro,14,10L-40L,Premium Stable Seller,89,371,45,64,12,80,6,App,4.3,80,93,Low,17,0,45,8,Regional,Electronics,HDMI Cable|Wireless CCTV|CCTV Camera
64000267,"Bawa, D’Alia and Khurana",Mumbai,Maharashtra,LLP,4,Free,0,40L-1.5Cr,Free Active Seller,87,118,4,17,11,90,15,App,4.73,81,82,Medium,98,28,32,7,Export,Chemicals,Paint Chemical|Industrial Solvents|Cleaning Chemical
64000268,Handa-Saha,Ludhiana,Punjab,LLP,4,Trustseal Pro,14,5Cr-20Cr,Premium Stable Seller,89,488,72,15,1,88,14,App,4.59,89,86,Low,34,1,35,5,National,Agriculture,Pesticides|Drip Irrigation|Fertilizers
64000269,Kannan Ltd,Delhi,Delhi,LLP,12,Mini Dynamic Catalog (Monthly),7,5Cr-20Cr,Churning Seller,69,357,70,57,6,53,55,Mobile Site,3.46,40,43,High,7,11,19,5,National,Electronics,HDMI Cable|CCTV Camera|Wireless CCTV
64000270,Chandra-Keer,Surat,Gujarat,Partnership,2,Mini Dynamic Catalog (Annual),10,5Cr-20Cr,Premium Stable Seller,79,268,26,11,0,82,5,Mobile Site,4.26,76,84,Low,18,3,38,4,Regional,Furniture,Modular Desk|Office Chair|Sofa
64000271,Thakur-Dar,Surat,Gujarat,Proprietorship,10,Mini Dynamic Catalog (Annual),10,1.5Cr-5Cr,New Seller,55,475,12,34,10,74,23,Mobile Site,4.46,60,60,Medium,64,6,27,5,Export,Machinery,Juice Machine|Mixer Machine|Lathe Machine
64000272,Dugal Ltd,Delhi,Delhi,Private Limited,9,Mini Dynamic Catalog (Annual),10,40L-1.5Cr,Power Seller,91,391,31,39,6,87,5,Mobile Site,4.32,96,85,Low,13,1,37,2,Export,Chemicals,Paint Chemical|Cleaning Chemical|Industrial Solvents
64000273,Mani Inc,Bengaluru,Karnataka,LLP,12,IM Leader Pro,40,1.5Cr-5Cr,Power Seller,96,225,66,48,10,98,3,App,4.14,85,87,Low,27,3,21,5,National,Packaging,Corrugated Box|Labels|Plastic Pouch
64000274,Sami-Rao,Jaipur,Rajasthan,Private Limited,10,Maximiser Pro,21,1.5Cr-5Cr,Churning Seller,62,249,52,5,5,65,57,Mobile Site,3.23,43,50,High,19,6,9,4,Regional,Furniture,Office Chair|Sofa|Wooden Table
64000275,"Sekhon, Wable and Kaur",Ludhiana,Punjab,Proprietorship,4,Free,0,10L-40L,Free Active Seller,70,281,73,23,4,89,18,App,3.8,92,76,Medium,92,8,9,4,National,Machinery,Mixer Machine|Juice Machine|Packaging Machine
64000276,Tailor-Grover,Chennai,Tamil Nadu,Proprietorship,4,Free,0,5Cr-20Cr,Free Active Seller,79,395,11,15,15,67,14,Mobile Site,4.39,82,86,Medium,81,10,7,4,Regional,Chemicals,Industrial Solvents|Cleaning Chemical|Paint Chemical
64000277,"Chana, Lala and Sama",Chennai,Tamil Nadu,LLP,2,IM Leader Pro,40,10L-40L,Power Seller,93,354,79,6,5,98,8,App,4.09,83,89,Low,33,3,21,8,Export,Garments,Kids Wear|Corporate Wear|T-Shirts
64000278,Bora-Ramakrishnan,Mumbai,Maharashtra,Private Limited,9,Maximiser Pro,21,1.5Cr-5Cr,New Seller,59,314,66,16,7,46,35,App,3.45,54,69,Medium,54,18,22,1,National,Electronics,Wireless CCTV|CCTV Camera|Fiber Optic Cable
64000279,Acharya-Bhagat,Chennai,Tamil Nadu,Partnership,9,IM Star Pro,30,5Cr-20Cr,Lazy Seller,45,410,19,66,17,45,104,App,4.31,23,39,High,9,11,13,8,Export,Machinery,Packaging Machine|Mixer Machine|Juice Machine
64000280,Tata Ltd,Bengaluru,Karnataka,Proprietorship,4,IM Star Pro,30,40L-1.5Cr,Power Seller,95,363,54,59,11,95,12,App,3.79,98,84,Low,13,2,42,0,National,Machinery,Juice Machine|Lathe Machine|Packaging Machine
64000281,"Taneja, Saraf and Raval",Mumbai,Maharashtra,Private Limited,10,Trustseal Pro,14,40L-1.5Cr,Lazy Seller,68,99,12,12,11,22,69,Mobile Site,4.78,16,36,High,16,6,19,0,National,Electronics,Adapters|HDMI Cable|Fiber Optic Cable
64000282,"Chaudry, Chandra and Balan",Gurugram,Haryana,Private Limited,8,Mini Dynamic Catalog (Monthly),7,10L-40L,Lazy Seller,61,300,63,44,2,33,108,App,4.19,16,21,High,13,27,43,8,Regional,Machinery,Juice Machine|Mixer Machine|Packaging Machine
64000283,Suresh-Sunder,Ludhiana,Punjab,Proprietorship,1,Free,0,1.5Cr-5Cr,Free Active Seller,76,258,3,7,6,90,16,Mobile Site,4.65,89,76,Medium,76,26,43,5,Regional,Garments,Corporate Wear|Uniforms|T-Shirts
64000284,"Kari, Bains and Sen",Delhi,Delhi,Private Limited,14,IM IL,70,40L-1.5Cr,New Seller,62,181,64,115,68,57,42,Desktop,4.05,62,48,Medium,63,7,30,8,Export,Furniture,Wooden Table|Office Chair|Sofa
64000285,Das Group,Delhi,Delhi,Partnership,4,IM Star Pro,30,40L-1.5Cr,Premium Stable Seller,88,370,47,50,20,93,9,Mobile Site,3.67,80,78,Low,26,2,4,4,National,Leather,Passport Holder|Organizer Bag|Laptop Sleeve
64000286,Borah and Sons,Delhi,Delhi,Private Limited,4,IM Leader Pro,40,40L-1.5Cr,Churning Seller,78,286,80,85,14,55,42,Mobile Site,3.46,25,43,High,17,18,20,5,National,Chemicals,Industrial Solvents|Paint Chemical|Cleaning Chemical
64000287,Saha Ltd,Bengaluru,Karnataka,Proprietorship,4,Trustseal Pro,14,40L-1.5Cr,New Seller,73,372,69,63,2,62,22,Mobile Site,4.79,67,49,Medium,44,18,11,5,Regional,Garments,Uniforms|Kids Wear|Corporate Wear
64000288,Kuruvilla-Bains,Bengaluru,Karnataka,Partnership,3,Free,0,40L-1.5Cr,Free Active Seller,74,175,58,25,8,88,5,Desktop,3.42,80,81,Medium,88,9,2,4,Export,Electronics,CCTV Camera|Wireless CCTV|HDMI Cable
64000289,Balay-Vohra,Chennai,Tamil Nadu,Proprietorship,10,Maximiser Pro,21,40L-1.5Cr,Churning Seller,71,88,66,65,20,31,70,App,4.04,25,42,High,20,16,9,2,Regional,Chemicals,Paint Chemical|Industrial Solvents|Cleaning Chemical
64000290,Banerjee-Brahmbhatt,Ahmedabad,Gujarat,Partnership,7,IM Star Pro,30,5Cr-20Cr,Power Seller,95,110,58,67,22,92,12,Desktop,3.93,86,88,Low,12,2,3,6,Export,Machinery,Packaging Machine|Lathe Machine|Juice Machine
64000291,Kunda Inc,Surat,Gujarat,LLP,10,Mini Dynamic Catalog (Monthly),7,10L-40L,New Seller,71,41,33,38,6,48,38,Mobile Site,3.86,54,71,Medium,63,28,41,0,Regional,Agriculture,Seeds|Drip Irrigation|Fertilizers
64000292,D’Alia LLC,Ludhiana,Punjab,LLP,7,Free,0,5Cr-20Cr,Free Active Seller,79,490,8,21,4,79,7,Desktop,4.43,83,77,Medium,94,19,8,2,Export,Packaging,Shipping Box|Plastic Pouch|Corrugated Box
64000293,Andra and Sons,Bengaluru,Karnataka,Proprietorship,7,IM Leader Pro,40,40L-1.5Cr,Lazy Seller,68,471,60,16,8,21,62,Mobile Site,4.45,24,33,High,11,15,6,1,Export,Agriculture,Drip Irrigation|Seeds|Pesticides
64000294,Konda and Sons,Noida,Uttar Pradesh,Private Limited,2,IM IL,70,40L-1.5Cr,Premium Stable Seller,94,42,23,47,36,97,5,Desktop,3.5,87,95,Low,27,1,4,6,National,Chemicals,Paint Chemical|Industrial Solvents|Cleaning Chemical
64000295,Deol-Swaminathan,Ludhiana,Punjab,LLP,5,Trustseal Pro,14,5Cr-20Cr,New Seller,58,338,34,5,3,73,18,Mobile Site,4.57,70,51,Medium,35,20,39,7,Regional,Leather,Organizer Bag|Laptop Sleeve|Wallet
64000296,Sur LLC,Ahmedabad,Gujarat,LLP,8,Free,0,40L-1.5Cr,Lazy Seller,45,337,73,11,0,20,71,Desktop,4.31,38,32,High,13,10,3,2,Regional,Furniture,Modular Desk|Sofa|Wooden Table
64000297,Majumdar-Seth,Chennai,Tamil Nadu,Private Limited,6,Mini Dynamic Catalog (Monthly),7,1.5Cr-5Cr,Power Seller,85,358,78,41,2,98,4,Desktop,3.36,85,91,Low,29,3,20,5,National,Electronics,CCTV Camera|HDMI Cable|Wireless CCTV
64000298,"Warrior, Tella and Krishna",Jaipur,Rajasthan,Partnership,13,Mini Dynamic Catalog (Annual),10,40L-1.5Cr,Lazy Seller,58,188,69,31,8,50,57,Mobile Site,3.3,13,37,High,13,11,37,8,Regional,Agriculture,Fertilizers|Drip Irrigation|Pesticides
64000299,Dasgupta Inc,Noida,Uttar Pradesh,Private Limited,7,IM Leader Pro,40,5Cr-20Cr,Premium Stable Seller,86,334,74,68,33,94,12,Desktop,4.7,94,89,Low,19,3,15,4,Regional,Agriculture,Drip Irrigation|Fertilizers|Seeds
64000300,Borah Inc,Delhi,Delhi,Partnership,1,Mini Dynamic Catalog (Annual),10,1.5Cr-5Cr,Lazy Seller,53,306,29,5,5,46,92,App,4.54,11,25,High,16,11,20,4,Export,Chemicals,Cleaning Chemical|Paint Chemical|Industrial Solvents
64000301,Chander-Karnik,Bengaluru,Karnataka,Private Limited,13,Mini Dynamic Catalog (Annual),10,5Cr-20Cr,Power Seller,92,119,44,58,5,95,8,Desktop,4.3,98,82,Low,15,3,31,2,Export,Chemicals,Industrial Solvents|Cleaning Chemical|Paint Chemical
64000302,"Dixit, Srivastava and Choudhry",Noida,Uttar Pradesh,Private Limited,8,Mini Dynamic Catalog (Monthly),7,40L-1.5Cr,Lazy Seller,59,315,44,56,5,40,111,App,4.63,27,15,High,11,7,22,6,Export,Electronics,CCTV Camera|Adapters|HDMI Cable
64000303,"Deep, Zachariah and Verma",Bengaluru,Karnataka,Proprietorship,10,IM IL,70,40L-1.5Cr,Premium Stable Seller,83,36,36,57,5,97,4,App,3.97,84,88,Low,37,3,20,3,Export,Electronics,Fiber Optic Cable|HDMI Cable|Adapters
64000304,"Sant, Mander and Kaur",Ludhiana,Punjab,Proprietorship,2,Free,0,1.5Cr-5Cr,Free Active Seller,71,32,63,21,4,89,8,App,4.45,72,82,Medium,91,11,34,4,National,Garments,Hoodies|Corporate Wear|Kids Wear
64000305,"Bajaj, Samra and Bajaj",Mumbai,Maharashtra,Partnership,14,Trustseal Pro,14,1.5Cr-5Cr,Premium Stable Seller,84,22,41,64,0,79,10,App,4.71,87,94,Low,18,0,7,8,Export,Electronics,Wireless CCTV|Fiber Optic Cable|Adapters
64000306,Varma and Sons,Ludhiana,Punjab,Partnership,10,Free,0,10L-40L,Free Active Seller,90,161,70,15,14,71,10,App,3.45,76,74,Medium,84,26,18,1,Regional,Packaging,Corrugated Box|Labels|Plastic Pouch
64000307,Krishna-Sridhar,Chennai,Tamil Nadu,Partnership,4,IM Leader Pro,40,5Cr-20Cr,Premium Stable Seller,88,107,11,44,39,86,5,Desktop,3.42,84,96,Low,22,2,31,0,Regional,Chemicals,Industrial Solvents|Paint Chemical|Cleaning Chemical
64000308,"Swaminathan, Comar and Bhalla",Jaipur,Rajasthan,Partnership,2,IM IL,70,5Cr-20Cr,Lazy Seller,51,438,27,96,68,48,118,Mobile Site,3.42,21,24,High,15,7,45,7,Regional,Agriculture,Fertilizers|Seeds|Drip Irrigation
64000309,Golla Inc,Noida,Uttar Pradesh,Private Limited,11,Free,0,1.5Cr-5Cr,New Seller,70,335,35,16,12,52,24,App,3.97,44,72,Medium,63,10,2,1,National,Chemicals,Industrial Solvents|Cleaning Chemical|Paint Chemical
64000310,Sarna-Wali,Gurugram,Haryana,Private Limited,8,Trustseal Pro,14,10L-40L,Lazy Seller,58,227,15,25,8,42,117,App,4.11,28,19,High,8,25,26,6,Regional,Packaging,Corrugated Box|Plastic Pouch|Labels
64000311,Sule-Sha,Chennai,Tamil Nadu,Proprietorship,9,Free,0,40L-1.5Cr,Churning Seller,62,240,57,23,10,34,68,Desktop,4.33,33,46,High,23,22,5,7,Regional,Garments,Uniforms|Corporate Wear|Kids Wear
64000312,Saraf-Kapur,Chennai,Tamil Nadu,LLP,6,Mini Dynamic Catalog (Annual),10,5Cr-20Cr,Premium Stable Seller,92,75,78,54,6,83,7,Mobile Site,4.32,87,80,Low,34,2,6,3,Regional,Furniture,Sofa|Wooden Table|Office Chair
64000313,Cherian and Sons,Chennai,Tamil Nadu,Partnership,13,Trustseal Pro,14,1.5Cr-5Cr,Churning Seller,64,248,27,18,10,64,62,Mobile Site,4.55,44,39,High,23,15,44,4,National,Leather,Wallet|Card Holder|Passport Holder
64000314,Hayer-Kaul,Surat,Gujarat,Partnership,10,IM IL,70,1.5Cr-5Cr,Power Seller,86,380,73,110,45,94,2,Desktop,3.6,91,83,Low,10,0,45,6,Export,Leather,Passport Holder|Laptop Sleeve|Organizer Bag
64000315,Barad-Bhalla,Surat,Gujarat,LLP,7,IM IL,70,1.5Cr-5Cr,Lazy Seller,53,451,48,112,53,31,100,Mobile Site,3.41,14,21,High,17,9,1,1,Export,Machinery,Mixer Machine|Juice Machine|Lathe Machine
64000316,"Verma, Sibal and Rao",Delhi,Delhi,Proprietorship,12,IM IL,70,40L-1.5Cr,Lazy Seller,48,460,60,119,54,25,57,App,4.07,30,40,High,18,24,36,7,National,Chemicals,Industrial Solvents|Cleaning Chemical|Paint Chemical
64000317,Thakkar-Balan,Surat,Gujarat,Proprietorship,3,Mini Dynamic Catalog (Monthly),7,1.5Cr-5Cr,Lazy Seller,71,37,6,41,7,35,104,Desktop,4.19,18,28,High,16,27,45,1,Regional,Chemicals,Paint Chemical|Industrial Solvents|Cleaning Chemical
64000318,Thakur-Bath,Bengaluru,Karnataka,Private Limited,8,Mini Dynamic Catalog (Annual),10,10L-40L,Premium Stable Seller,94,399,11,48,10,97,4,App,4.11,82,93,Low,35,2,1,7,National,Leather,Wallet|Passport Holder|Organizer Bag
64000319,Ganesh-Khalsa,Bengaluru,Karnataka,LLP,10,IM Leader Pro,40,10L-40L,New Seller,68,375,78,43,36,56,28,Mobile Site,4,49,50,Medium,36,13,11,0,Export,Electronics,Fiber Optic Cable|Wireless CCTV|Adapters
64000320,Magar and Sons,Ludhiana,Punjab,Partnership,5,Mini Dynamic Catalog (Annual),10,1.5Cr-5Cr,Lazy Seller,48,149,18,44,4,52,49,Desktop,4.46,37,40,High,13,13,39,2,Export,Packaging,Shipping Box|Plastic Pouch|Labels
64000321,Hans-Rajagopal,Mumbai,Maharashtra,LLP,6,IM Star Pro,30,40L-1.5Cr,Churning Seller,75,461,6,48,2,45,87,App,4.48,31,45,High,21,9,27,6,Regional,Packaging,Plastic Pouch|Corrugated Box|Shipping Box
64000322,Goyal Ltd,Noida,Uttar Pradesh,Proprietorship,4,IM Leader Pro,40,40L-1.5Cr,Premium Stable Seller,79,257,53,65,19,98,7,App,4.36,78,79,Low,20,3,25,7,National,Chemicals,Cleaning Chemical|Industrial Solvents|Paint Chemical
64000323,Madan-Bhargava,Mumbai,Maharashtra,LLP,1,Free,0,1.5Cr-5Cr,Free Active Seller,84,41,14,22,11,77,15,App,3.66,80,84,Medium,96,18,7,4,Export,Agriculture,Pesticides|Seeds|Drip Irrigation
64000324,Randhawa Ltd,Chennai,Tamil Nadu,LLP,8,Maximiser Pro,21,10L-40L,New Seller,78,373,25,45,17,66,22,Desktop,3.22,56,55,Medium,56,5,7,8,Regional,Packaging,Corrugated Box|Shipping Box|Plastic Pouch
64000325,Banerjee-Wali,Noida,Uttar Pradesh,Private Limited,4,IM Star Pro,30,10L-40L,New Seller,63,49,78,32,30,51,12,Mobile Site,4.83,40,64,Medium,37,24,6,2,National,Furniture,Wooden Table|Office Chair|Modular Desk
64000326,"Gola, Shan and Keer",Chennai,Tamil Nadu,Proprietorship,15,Trustseal Pro,14,1.5Cr-5Cr,Power Seller,90,413,56,49,14,94,9,Desktop,4.53,82,96,Low,18,2,18,0,National,Furniture,Sofa|Office Chair|Modular Desk
64000327,"Sankar, Raj and Lalla",Jaipur,Rajasthan,Private Limited,1,Free,0,10L-40L,Free Active Seller,78,332,52,10,10,70,12,Desktop,4.12,72,83,Medium,81,20,28,3,Export,Agriculture,Drip Irrigation|Seeds|Pesticides
64000328,Dugar-Walia,Gurugram,Haryana,LLP,12,Free,0,10L-40L,Free Active Seller,73,148,59,5,3,66,6,Desktop,4.33,72,86,Medium,98,9,18,2,Export,Packaging,Labels|Plastic Pouch|Shipping Box
64000329,Viswanathan PLC,Surat,Gujarat,LLP,10,Free,0,1.5Cr-5Cr,Power Seller,97,216,63,8,8,98,8,Mobile Site,3.71,82,89,Low,10,2,4,1,National,Electronics,Wireless CCTV|CCTV Camera|HDMI Cable
64000330,"Varty, Virk and Desai",Bengaluru,Karnataka,Private Limited,2,IM Star Pro,30,10L-40L,Lazy Seller,52,358,26,43,22,31,110,Mobile Site,4.37,11,45,High,17,17,32,1,Export,Garments,Kids Wear|T-Shirts|Uniforms
64000331,Deo Inc,Noida,Uttar Pradesh,Proprietorship,3,Maximiser Pro,21,10L-40L,Power Seller,82,296,41,68,17,92,9,Desktop,3.78,92,84,Low,35,3,22,0,National,Packaging,Shipping Box|Plastic Pouch|Labels
64000332,D’Alia PLC,Gurugram,Haryana,Proprietorship,13,Free,0,5Cr-20Cr,New Seller,76,139,11,6,5,72,44,Mobile Site,3.23,44,68,Medium,53,9,40,0,Regional,Furniture,Office Chair|Wooden Table|Modular Desk
64000333,"Shankar, Krishna and Master",Mumbai,Maharashtra,Partnership,3,Mini Dynamic Catalog (Monthly),7,5Cr-20Cr,New Seller,64,447,77,9,1,71,16,Mobile Site,4.56,54,64,Medium,40,8,15,1,Regional,Chemicals,Industrial Solvents|Cleaning Chemical|Paint Chemical
64000334,"Sani, Savant and Kade",Jaipur,Rajasthan,Private Limited,13,IM IL,70,40L-1.5Cr,New Seller,65,426,29,102,5,48,44,App,3.31,44,55,Medium,61,23,18,2,National,Electronics,Wireless CCTV|CCTV Camera|Adapters
64000335,"Raju, Varkey and Gour",Mumbai,Maharashtra,Private Limited,9,Free,0,10L-40L,Churning Seller,57,333,50,10,0,32,42,Desktop,3.21,26,45,High,25,20,6,4,National,Packaging,Shipping Box|Plastic Pouch|Corrugated Box
64000336,Kakar Inc,Noida,Uttar Pradesh,Proprietorship,4,IM Star Pro,30,10L-40L,Churning Seller,66,332,6,28,22,58,77,Mobile Site,4.61,35,50,High,10,20,20,5,National,Packaging,Plastic Pouch|Shipping Box|Labels
64000337,Wadhwa-Chhabra,Delhi,Delhi,Proprietorship,4,Mini Dynamic Catalog (Annual),10,5Cr-20Cr,Power Seller,93,119,16,55,2,92,9,Desktop,3.47,86,90,Low,11,3,3,0,Export,Machinery,Lathe Machine|Packaging Machine|Mixer Machine
64000338,"Bera, Ahluwalia and Kuruvilla",Surat,Gujarat,Private Limited,4,IM Star Pro,30,10L-40L,Lazy Seller,61,493,70,27,5,49,45,App,4.08,13,38,High,6,30,5,3,Export,Electronics,Adapters|HDMI Cable|Wireless CCTV
64000339,"Bava, Mani and Char",Noida,Uttar Pradesh,Private Limited,7,IM Leader Pro,40,10L-40L,Churning Seller,57,397,54,30,12,37,66,App,4.19,34,23,High,12,12,4,6,Regional,Chemicals,Paint Chemical|Industrial Solvents|Cleaning Chemical
64000340,Chander Group,Ahmedabad,Gujarat,LLP,3,IM Leader Pro,40,10L-40L,Lazy Seller,48,123,44,21,1,49,64,App,3.43,30,26,High,13,27,30,7,National,Electronics,HDMI Cable|Fiber Optic Cable|CCTV Camera
64000341,"Wagle, Bakshi and Arora",Mumbai,Maharashtra,Private Limited,4,Free,0,5Cr-20Cr,Free Active Seller,89,315,72,12,1,70,17,Desktop,4.21,90,87,Medium,80,18,30,4,Regional,Leather,Laptop Sleeve|Wallet|Organizer Bag
64000342,"Uppal, Soman and Shankar",Jaipur,Rajasthan,Proprietorship,4,Free,0,5Cr-20Cr,Free Active Seller,83,479,2,18,1,83,8,Mobile Site,4.51,88,72,Medium,93,6,3,6,Export,Electronics,HDMI Cable|Wireless CCTV|Adapters
64000343,Singh-Ahluwalia,Jaipur,Rajasthan,LLP,13,Mini Dynamic Catalog (Annual),10,1.5Cr-5Cr,New Seller,69,26,54,18,2,60,25,Desktop,4.3,42,62,Medium,59,16,6,0,National,Agriculture,Pesticides|Drip Irrigation|Fertilizers
64000344,Dua LLC,Ludhiana,Punjab,Proprietorship,12,Mini Dynamic Catalog (Monthly),7,10L-40L,Lazy Seller,69,114,49,45,7,49,57,Mobile Site,3.32,37,37,High,17,27,45,5,Export,Leather,Card Holder|Passport Holder|Wallet
64000345,"Ghosh, Vig and Manne",Delhi,Delhi,Private Limited,7,Free,0,1.5Cr-5Cr,Free Active Seller,89,337,44,6,4,82,14,Desktop,3.39,76,89,Medium,77,26,24,7,Export,Agriculture,Pesticides|Fertilizers|Seeds
64000346,Konda Group,Delhi,Delhi,Private Limited,6,Mini Dynamic Catalog (Annual),10,40L-1.5Cr,Churning Seller,67,78,63,52,9,43,42,Mobile Site,4.49,41,27,High,22,27,21,5,National,Chemicals,Paint Chemical|Industrial Solvents|Cleaning Chemical
64000347,"Barman, Varty and Bahl",Bengaluru,Karnataka,LLP,5,Mini Dynamic Catalog (Annual),10,5Cr-20Cr,Power Seller,93,444,17,35,8,96,9,Mobile Site,3.83,95,98,Low,26,2,44,1,Regional,Agriculture,Drip Irrigation|Seeds|Pesticides
64000348,"Kumar, Kibe and Kant",Noida,Uttar Pradesh,Partnership,2,Trustseal Pro,14,10L-40L,Lazy Seller,58,376,20,36,2,24,53,App,3.91,15,23,High,8,11,44,8,Regional,Chemicals,Cleaning Chemical|Industrial Solvents|Paint Chemical
64000349,Wable-Rama,Noida,Uttar Pradesh,Private Limited,7,Mini Dynamic Catalog (Monthly),7,1.5Cr-5Cr,Lazy Seller,58,447,68,46,5,32,48,Mobile Site,4.3,10,42,High,12,18,21,7,Export,Packaging,Shipping Box|Plastic Pouch|Corrugated Box
64000350,"Srinivas, Swaminathan and Rattan",Bengaluru,Karnataka,LLP,8,Free,0,10L-40L,Free Active Seller,88,136,63,16,9,69,17,Desktop,3.8,79,73,Medium,83,29,30,2,Export,Agriculture,Fertilizers|Drip Irrigation|Pesticides
64000351,"Jain, Saran and Krishnamurthy",Mumbai,Maharashtra,Private Limited,3,Trustseal Pro,14,40L-1.5Cr,Churning Seller,55,84,58,21,5,45,39,Mobile Site,4.4,22,30,High,23,10,43,5,National,Leather,Passport Holder|Card Holder|Laptop Sleeve
64000352,Madan-Singhal,Mumbai,Maharashtra,Private Limited,8,Trustseal Pro,14,10L-40L,Premium Stable Seller,87,94,60,64,5,81,3,Mobile Site,4.13,87,93,Low,39,1,33,5,Export,Chemicals,Paint Chemical|Industrial Solvents|Cleaning Chemical
64000353,Kothari-Loyal,Ludhiana,Punjab,LLP,15,Free,0,10L-40L,Free Active Seller,88,372,16,20,1,86,7,App,3.24,88,82,Medium,85,9,40,3,National,Garments,Uniforms|Kids Wear|Hoodies
64000354,Koshy Ltd,Surat,Gujarat,Partnership,6,Maximiser Pro,21,40L-1.5Cr,Power Seller,89,454,59,16,16,93,5,App,3.74,80,84,Low,27,3,39,8,Regional,Leather,Organizer Bag|Laptop Sleeve|Wallet
64000355,"Rajagopalan, Buch and Rao",Surat,Gujarat,LLP,3,IM IL,70,10L-40L,New Seller,66,199,41,62,55,57,33,Desktop,4.44,40,54,Medium,46,22,29,6,National,Packaging,Shipping Box|Labels|Corrugated Box
64000356,"Jha, Sekhon and Anne",Ludhiana,Punjab,Proprietorship,13,IM IL,70,5Cr-20Cr,New Seller,78,326,13,23,6,73,36,Mobile Site,4.88,44,71,Medium,53,14,5,6,Regional,Chemicals,Industrial Solvents|Cleaning Chemical|Paint Chemical
64000357,"Rana, Kapur and Ramesh",Delhi,Delhi,LLP,11,Free,0,1.5Cr-5Cr,Free Active Seller,83,406,19,11,2,70,13,Mobile Site,4.03,84,90,Medium,93,17,20,4,National,Packaging,Plastic Pouch|Labels|Corrugated Box
64000358,Zacharia-De,Bengaluru,Karnataka,LLP,4,Mini Dynamic Catalog (Monthly),7,40L-1.5Cr,Power Seller,86,360,38,31,2,93,6,Desktop,3.4,95,85,Low,30,3,18,7,Regional,Chemicals,Industrial Solvents|Paint Chemical|Cleaning Chemical
64000359,Lall Inc,Chennai,Tamil Nadu,Private Limited,10,IM IL,70,40L-1.5Cr,Lazy Seller,56,452,35,25,18,50,55,App,3.98,21,31,High,5,6,45,2,National,Furniture,Modular Desk|Office Chair|Sofa
64000360,Ramesh-Dhar,Mumbai,Maharashtra,Partnership,5,Free,0,40L-1.5Cr,Free Active Seller,83,291,11,21,6,85,10,Desktop,4.22,71,77,Medium,84,29,11,8,National,Furniture,Modular Desk|Sofa|Wooden Table
64000361,Datta Inc,Surat,Gujarat,Private Limited,5,IM Leader Pro,40,5Cr-20Cr,New Seller,58,90,68,41,23,62,32,App,3.78,66,49,Medium,35,29,11,1,Regional,Leather,Laptop Sleeve|Passport Holder|Organizer Bag
64000362,"Dara, Bhat and Ganesh",Mumbai,Maharashtra,Proprietorship,14,Mini Dynamic Catalog (Annual),10,1.5Cr-5Cr,Churning Seller,63,492,4,35,5,59,34,Desktop,4.59,27,46,High,9,14,39,8,National,Packaging,Plastic Pouch|Corrugated Box|Labels
64000363,"Mandal, Sridhar and Gala",Mumbai,Maharashtra,Private Limited,1,Mini Dynamic Catalog (Annual),10,10L-40L,New Seller,62,84,28,13,1,49,19,Desktop,3.23,62,52,Medium,44,18,31,6,Regional,Furniture,Wooden Table|Office Chair|Modular Desk
64000364,"Borde, Sehgal and Vaidya",Ahmedabad,Gujarat,Partnership,1,Mini Dynamic Catalog (Monthly),7,10L-40L,New Seller,70,361,3,53,1,48,26,Mobile Site,3.55,41,47,Medium,44,30,13,2,Export,Agriculture,Fertilizers|Seeds|Pesticides
64000365,"Saini, Chauhan and Ghosh",Surat,Gujarat,Partnership,2,IM Star Pro,30,10L-40L,Churning Seller,68,419,80,35,16,52,70,Desktop,4.59,30,47,High,21,23,1,8,Regional,Leather,Passport Holder|Organizer Bag|Laptop Sleeve
64000366,Khalsa-Sibal,Ahmedabad,Gujarat,Private Limited,3,Mini Dynamic Catalog (Monthly),7,1.5Cr-5Cr,Premium Stable Seller,81,321,25,33,1,84,11,App,3.92,90,89,Low,37,1,33,3,National,Garments,Corporate Wear|Uniforms|Hoodies
64000367,Bakshi and Sons,Gurugram,Haryana,Private Limited,2,Mini Dynamic Catalog (Annual),10,1.5Cr-5Cr,Lazy Seller,48,62,43,36,1,51,86,App,4.22,32,24,High,6,17,20,7,Regional,Packaging,Labels|Corrugated Box|Plastic Pouch
64000368,Brar Group,Bengaluru,Karnataka,LLP,5,Maximiser Pro,21,10L-40L,Lazy Seller,44,364,15,55,14,50,87,Desktop,3.44,15,15,High,20,21,26,1,Export,Leather,Card Holder|Passport Holder|Wallet
64000369,Khalsa Group,Mumbai,Maharashtra,Partnership,6,IM Leader Pro,40,1.5Cr-5Cr,Churning Seller,56,391,65,40,37,55,40,Mobile Site,4.8,34,46,High,18,23,23,7,Export,Chemicals,Paint Chemical|Industrial Solvents|Cleaning Chemical
64000370,"Ratti, Upadhyay and Bahri",Chennai,Tamil Nadu,LLP,8,IM Star Pro,30,10L-40L,Premium Stable Seller,82,274,31,22,0,92,4,Desktop,4.05,78,86,Low,30,0,2,2,National,Furniture,Modular Desk|Office Chair|Sofa
64000371,Din-Kala,Chennai,Tamil Nadu,Private Limited,3,Free,0,5Cr-20Cr,Free Active Seller,89,412,65,19,6,84,6,App,4.06,72,89,Medium,91,14,35,5,Export,Furniture,Modular Desk|Office Chair|Wooden Table
64000372,Vora LLC,Bengaluru,Karnataka,Partnership,13,IM IL,70,40L-1.5Cr,Power Seller,85,255,6,9,2,97,9,App,3.93,90,94,Low,24,2,20,6,National,Agriculture,Drip Irrigation|Fertilizers|Pesticides
64000373,Hayre-Kalita,Gurugram,Haryana,LLP,11,Free,0,1.5Cr-5Cr,Premium Stable Seller,93,154,65,23,12,95,5,App,3.3,91,79,Low,27,2,38,0,Regional,Packaging,Labels|Corrugated Box|Plastic Pouch
64000374,Lad LLC,Surat,Gujarat,Private Limited,13,Mini Dynamic Catalog (Monthly),7,40L-1.5Cr,New Seller,79,196,47,31,5,73,31,Desktop,3.6,52,48,Medium,48,6,20,1,Export,Furniture,Office Chair|Sofa|Wooden Table
64000375,Wadhwa Inc,Gurugram,Haryana,Private Limited,2,Free,0,10L-40L,Free Active Seller,75,356,56,23,13,65,13,Mobile Site,4,80,69,Medium,89,13,2,5,National,Chemicals,Paint Chemical|Industrial Solvents|Cleaning Chemical
64000376,Kale-Kapur,Chennai,Tamil Nadu,LLP,6,Mini Dynamic Catalog (Annual),10,1.5Cr-5Cr,Premium Stable Seller,93,277,45,15,9,81,14,App,3.54,81,88,Low,30,2,41,1,Export,Furniture,Office Chair|Modular Desk|Wooden Table
64000377,Chauhan PLC,Ahmedabad,Gujarat,Private Limited,5,IM Star Pro,30,5Cr-20Cr,Power Seller,94,192,36,13,9,92,11,Desktop,3.79,82,85,Low,28,3,5,4,Export,Agriculture,Fertilizers|Drip Irrigation|Seeds
64000378,Kalita LLC,Ludhiana,Punjab,LLP,11,IM Leader Pro,40,40L-1.5Cr,Premium Stable Seller,84,363,72,28,28,91,9,Mobile Site,4.05,83,94,Low,29,0,43,7,National,Machinery,Mixer Machine|Juice Machine|Packaging Machine
64000379,Sem LLC,Bengaluru,Karnataka,LLP,15,Mini Dynamic Catalog (Monthly),7,10L-40L,Premium Stable Seller,94,97,40,32,6,84,8,Mobile Site,3.55,89,82,Low,22,2,27,4,National,Packaging,Corrugated Box|Labels|Plastic Pouch
64000380,Basu and Sons,Mumbai,Maharashtra,Private Limited,11,Maximiser Pro,21,5Cr-20Cr,Premium Stable Seller,90,145,41,64,15,85,4,Mobile Site,4.74,79,84,Low,15,3,13,2,National,Machinery,Mixer Machine|Packaging Machine|Juice Machine
64000381,"Kadakia, Malhotra and Ramaswamy",Mumbai,Maharashtra,Partnership,5,Free,0,5Cr-20Cr,Free Active Seller,87,48,12,15,9,70,15,App,4.34,71,83,Medium,75,7,6,6,Export,Machinery,Packaging Machine|Juice Machine|Mixer Machine
64000382,Dayal-Toor,Mumbai,Maharashtra,Proprietorship,2,Mini Dynamic Catalog (Annual),10,1.5Cr-5Cr,Premium Stable Seller,94,472,13,20,9,96,15,App,4.61,91,86,Low,30,0,25,3,National,Chemicals,Industrial Solvents|Paint Chemical|Cleaning Chemical
64000383,Atwal-Savant,Ahmedabad,Gujarat,Proprietorship,2,Maximiser Pro,21,5Cr-20Cr,Churning Seller,58,48,64,52,3,58,77,App,4.36,36,47,High,23,15,18,2,National,Furniture,Modular Desk|Sofa|Office Chair
64000384,Chatterjee Group,Noida,Uttar Pradesh,Private Limited,14,Free,0,1.5Cr-5Cr,Free Active Seller,70,373,32,13,8,85,14,Mobile Site,4.83,71,89,Medium,76,17,24,1,Export,Agriculture,Drip Irrigation|Pesticides|Seeds
64000385,Ram Ltd,Ahmedabad,Gujarat,LLP,7,IM IL,70,5Cr-20Cr,Power Seller,90,460,22,61,40,94,3,Desktop,3.67,87,91,Low,16,2,6,7,National,Electronics,CCTV Camera|Fiber Optic Cable|Adapters
64000386,Jayaraman Group,Jaipur,Rajasthan,Private Limited,12,Mini Dynamic Catalog (Annual),10,10L-40L,Lazy Seller,50,328,72,52,5,36,104,Desktop,4.29,12,26,High,18,19,12,7,Export,Leather,Laptop Sleeve|Card Holder|Passport Holder
64000387,"Guha, Garde and Ratta",Mumbai,Maharashtra,Partnership,7,IM Star Pro,30,5Cr-20Cr,Churning Seller,60,385,18,57,25,35,39,App,4.68,30,27,High,21,15,9,4,Regional,Furniture,Wooden Table|Modular Desk|Office Chair
64000388,Yadav PLC,Chennai,Tamil Nadu,Private Limited,13,Free,0,10L-40L,Free Active Seller,76,468,50,23,7,67,11,Mobile Site,4.3,81,73,Medium,87,5,41,3,Regional,Garments,Uniforms|Kids Wear|Corporate Wear
64000389,Doshi and Sons,Noida,Uttar Pradesh,Proprietorship,5,Trustseal Pro,14,10L-40L,New Seller,56,65,49,15,9,57,37,Mobile Site,4.09,59,53,Medium,39,8,30,7,Regional,Agriculture,Seeds|Drip Irrigation|Fertilizers
64000390,"Basu, Sidhu and Rau",Ahmedabad,Gujarat,Proprietorship,4,Free,0,40L-1.5Cr,Free Active Seller,79,458,28,24,6,88,12,App,3.51,82,72,Medium,88,14,10,0,National,Garments,Hoodies|Uniforms|Corporate Wear
64000391,Chaudhari Group,Ludhiana,Punjab,Proprietorship,10,Maximiser Pro,21,5Cr-20Cr,Lazy Seller,63,466,43,55,21,49,50,Mobile Site,3.92,10,30,High,9,11,39,4,Regional,Leather,Organizer Bag|Card Holder|Passport Holder
64000392,"Grover, Sampath and Ganguly",Gurugram,Haryana,Partnership,1,Free,0,5Cr-20Cr,Free Active Seller,77,383,7,5,2,80,10,App,4.86,89,89,Medium,94,21,43,5,Regional,Chemicals,Industrial Solvents|Cleaning Chemical|Paint Chemical
64000393,Bora-Contractor,Bengaluru,Karnataka,Partnership,10,IM Star Pro,30,5Cr-20Cr,Churning Seller,55,87,13,45,22,62,88,Desktop,3.64,41,48,High,19,21,21,0,Regional,Electronics,Adapters|Fiber Optic Cable|CCTV Camera
64000394,Rajagopalan-Dubey,Noida,Uttar Pradesh,Private Limited,12,Free,0,5Cr-20Cr,Free Active Seller,83,180,57,10,5,74,9,Desktop,4.14,89,76,Medium,91,28,43,7,Regional,Garments,Kids Wear|Hoodies|T-Shirts
64000395,Saraf-Badal,Ahmedabad,Gujarat,Proprietorship,1,Trustseal Pro,14,10L-40L,Churning Seller,51,243,16,62,14,60,58,App,3.81,30,42,High,19,20,36,7,National,Packaging,Plastic Pouch|Labels|Corrugated Box
64000396,Ben PLC,Noida,Uttar Pradesh,Partnership,14,Trustseal Pro,14,40L-1.5Cr,New Seller,58,112,23,52,8,56,15,Mobile Site,4.9,46,72,Medium,44,13,1,8,Export,Chemicals,Industrial Solvents|Cleaning Chemical|Paint Chemical
64000397,Sankaran and Sons,Mumbai,Maharashtra,LLP,15,Maximiser Pro,21,1.5Cr-5Cr,Power Seller,97,368,17,55,11,88,7,Desktop,3.25,80,91,Low,31,0,30,7,National,Electronics,Adapters|Fiber Optic Cable|CCTV Camera
64000398,Bajaj-Kashyap,Ludhiana,Punjab,Partnership,6,Free,0,5Cr-20Cr,Power Seller,92,428,9,7,6,89,5,App,3.5,81,91,Low,20,0,26,1,Regional,Garments,Corporate Wear|Hoodies|Kids Wear
64000399,Thaman-Shere,Ahmedabad,Gujarat,Proprietorship,7,IM Star Pro,30,10L-40L,Lazy Seller,49,396,41,21,11,27,78,App,4.07,25,40,High,18,26,32,7,National,Leather,Card Holder|Laptop Sleeve|Organizer Bag
64000400,Gill-Yadav,Noida,Uttar Pradesh,Private Limited,10,IM IL,70,5Cr-20Cr,Premium Stable Seller,80,342,56,16,1,91,15,Mobile Site,3.58,86,83,Low,28,2,44,2,National,Leather,Wallet|Passport Holder|Organizer Bag
64000401,Chhabra Ltd,Bengaluru,Karnataka,Partnership,5,IM IL,70,10L-40L,Lazy Seller,45,450,33,71,54,50,78,Mobile Site,3.33,14,19,High,14,14,3,8,Regional,Agriculture,Seeds|Fertilizers|Drip Irrigation
64000402,Dubey PLC,Bengaluru,Karnataka,LLP,7,Free,0,40L-1.5Cr,Power Seller,90,277,4,8,7,96,6,App,3.28,98,84,Low,34,1,27,4,National,Garments,Uniforms|T-Shirts|Hoodies
64000403,"Sharaf, Loyal and Ganesh",Chennai,Tamil Nadu,LLP,13,Free,0,1.5Cr-5Cr,New Seller,74,466,25,11,2,70,26,Mobile Site,3.38,50,75,Medium,64,7,35,0,Regional,Furniture,Modular Desk|Sofa|Wooden Table
64000404,"Raman, Mane and Baral",Jaipur,Rajasthan,Partnership,1,Free,0,40L-1.5Cr,Churning Seller,64,204,52,14,1,55,87,Desktop,3.52,39,39,High,24,9,2,3,Regional,Furniture,Office Chair|Sofa|Modular Desk
64000405,Ganesh-Srinivas,Ahmedabad,Gujarat,LLP,11,Maximiser Pro,21,40L-1.5Cr,Churning Seller,63,95,62,59,0,64,49,Desktop,4.46,25,29,High,19,8,29,7,National,Furniture,Sofa|Office Chair|Wooden Table
64000406,Ben-Chaudhary,Delhi,Delhi,LLP,10,Maximiser Pro,21,1.5Cr-5Cr,Churning Seller,59,342,57,58,15,55,31,Desktop,4.03,41,20,High,8,28,32,8,Export,Furniture,Office Chair|Wooden Table|Sofa
64000407,Dhawan Inc,Chennai,Tamil Nadu,LLP,4,Mini Dynamic Catalog (Monthly),7,10L-40L,New Seller,71,52,36,46,6,45,37,App,4.26,58,55,Medium,52,20,42,5,National,Packaging,Shipping Box|Labels|Plastic Pouch
64000408,Korpal and Sons,Jaipur,Rajasthan,Partnership,3,Free,0,1.5Cr-5Cr,Free Active Seller,76,132,77,15,14,80,10,Mobile Site,4.41,84,75,Medium,91,9,27,5,National,Leather,Card Holder|Laptop Sleeve|Wallet
64000409,"Rajagopalan, Kale and Sachar",Mumbai,Maharashtra,Proprietorship,5,Mini Dynamic Catalog (Annual),10,1.5Cr-5Cr,New Seller,76,330,64,11,6,60,18,Desktop,3.56,45,51,Medium,40,20,4,0,National,Furniture,Office Chair|Sofa|Wooden Table
64000410,Dass Inc,Ludhiana,Punjab,Private Limited,11,Trustseal Pro,14,5Cr-20Cr,Churning Seller,76,78,31,12,8,62,29,App,4.89,24,30,High,18,12,23,0,Export,Electronics,Wireless CCTV|HDMI Cable|Fiber Optic Cable
64000411,Batta Group,Ludhiana,Punjab,Proprietorship,14,Mini Dynamic Catalog (Annual),10,10L-40L,New Seller,77,450,16,11,9,46,38,Mobile Site,3.27,65,59,Medium,65,24,7,2,Export,Furniture,Sofa|Office Chair|Modular Desk
64000412,"Bhattacharyya, Bhasin and Sunder",Gurugram,Haryana,Proprietorship,15,Free,0,40L-1.5Cr,Free Active Seller,75,275,14,9,5,88,9,Desktop,4.64,92,82,Medium,91,15,29,6,Regional,Chemicals,Paint Chemical|Cleaning Chemical|Industrial Solvents
64000413,Raman-Sane,Ahmedabad,Gujarat,LLP,6,Free,0,5Cr-20Cr,Free Active Seller,86,406,55,16,7,70,6,Desktop,3.43,78,79,Medium,97,9,28,6,National,Agriculture,Drip Irrigation|Seeds|Fertilizers
64000414,"Kari, Sandhu and Chokshi",Noida,Uttar Pradesh,Private Limited,1,Trustseal Pro,14,10L-40L,Lazy Seller,40,225,23,32,0,53,48,Mobile Site,4.77,12,25,High,15,17,10,0,Export,Chemicals,Cleaning Chemical|Industrial Solvents|Paint Chemical
64000415,"Chacko, Bhatia and Doshi",Bengaluru,Karnataka,Private Limited,7,IM Star Pro,30,5Cr-20Cr,Lazy Seller,60,378,53,62,20,42,41,Mobile Site,3.79,36,23,High,9,11,42,6,Regional,Packaging,Plastic Pouch|Shipping Box|Corrugated Box
64000416,Bail Ltd,Ludhiana,Punjab,Partnership,1,IM Leader Pro,40,40L-1.5Cr,Premium Stable Seller,90,67,67,75,19,82,11,Desktop,3.25,92,87,Low,21,2,35,4,Regional,Electronics,Wireless CCTV|Fiber Optic Cable|Adapters
64000417,"Amble, Toor and Chacko",Ludhiana,Punjab,LLP,9,Mini Dynamic Catalog (Monthly),7,5Cr-20Cr,Power Seller,93,44,17,33,4,93,12,App,4.87,96,93,Low,13,0,38,8,Export,Leather,Passport Holder|Wallet|Organizer Bag
64000418,Mahal-Choudhry,Ahmedabad,Gujarat,Private Limited,5,Free,0,40L-1.5Cr,Free Active Seller,88,397,33,8,5,86,7,App,3.97,92,80,Medium,91,21,10,6,National,Agriculture,Seeds|Drip Irrigation|Pesticides
64000419,Bala-Mandal,Gurugram,Haryana,Partnership,1,Trustseal Pro,14,1.5Cr-5Cr,Lazy Seller,70,321,73,38,12,33,97,Mobile Site,4.05,12,26,High,17,17,28,7,Export,Machinery,Lathe Machine|Juice Machine|Mixer Machine
64000420,Kala-Kala,Noida,Uttar Pradesh,LLP,14,Trustseal Pro,14,5Cr-20Cr,Churning Seller,66,461,69,12,11,38,87,App,3.26,49,24,High,21,11,11,8,National,Garments,Hoodies|Uniforms|Corporate Wear
64000421,"Vora, Bahl and Kata",Gurugram,Haryana,LLP,2,IM Leader Pro,40,10L-40L,Power Seller,91,176,49,43,18,86,10,Desktop,3.44,84,85,Low,21,3,38,6,Regional,Agriculture,Pesticides|Fertilizers|Drip Irrigation
64000422,Saran Inc,Ludhiana,Punjab,Private Limited,4,Free,0,5Cr-20Cr,Churning Seller,50,233,63,23,9,37,69,App,4.53,24,47,High,6,23,31,2,Regional,Electronics,Adapters|HDMI Cable|Fiber Optic Cable
64000423,"Grover, Som and Bala",Bengaluru,Karnataka,LLP,13,Free,0,10L-40L,Lazy Seller,49,218,31,17,10,40,51,Mobile Site,4.71,35,34,High,18,22,18,1,Regional,Chemicals,Cleaning Chemical|Paint Chemical|Industrial Solvents
64000424,"Ramakrishnan, Ramaswamy and Vaidya",Delhi,Delhi,Private Limited,9,Mini Dynamic Catalog (Annual),10,40L-1.5Cr,New Seller,75,297,75,53,0,62,15,App,4.05,46,75,Medium,54,23,2,1,Export,Machinery,Packaging Machine|Mixer Machine|Lathe Machine
64000425,Rajagopal-Mahajan,Bengaluru,Karnataka,Proprietorship,1,Free,0,10L-40L,Free Active Seller,76,63,70,24,10,72,18,App,4.67,92,86,Medium,89,17,2,5,National,Agriculture,Drip Irrigation|Pesticides|Seeds
64000426,"Seth, Shanker and Gopal",Mumbai,Maharashtra,LLP,1,IM Leader Pro,40,10L-40L,Premium Stable Seller,90,106,38,23,5,86,4,Desktop,3.72,78,81,Low,32,2,27,2,Regional,Furniture,Sofa|Modular Desk|Wooden Table
64000427,"Koshy, Saini and Mander",Chennai,Tamil Nadu,Private Limited,3,Mini Dynamic Catalog (Monthly),7,10L-40L,Power Seller,91,477,43,21,6,97,3,Desktop,3.61,90,86,Low,23,0,39,3,National,Machinery,Lathe Machine|Mixer Machine|Juice Machine
64000428,"Roy, Kunda and Hegde",Bengaluru,Karnataka,LLP,2,Free,0,1.5Cr-5Cr,Free Active Seller,71,267,5,18,7,75,12,Mobile Site,4.84,87,81,Medium,77,5,44,1,Regional,Machinery,Packaging Machine|Mixer Machine|Lathe Machine
64000429,"Saraf, Butala and Jayaraman",Bengaluru,Karnataka,Proprietorship,5,IM IL,70,5Cr-20Cr,Premium Stable Seller,92,92,49,74,21,80,13,Mobile Site,3.97,91,84,Low,40,1,1,7,Export,Agriculture,Fertilizers|Pesticides|Drip Irrigation
64000430,Bhandari and Sons,Ludhiana,Punjab,Proprietorship,1,Free,0,40L-1.5Cr,Power Seller,90,128,76,21,9,93,12,Mobile Site,4.11,92,93,Low,30,0,5,4,Regional,Electronics,Fiber Optic Cable|Adapters|Wireless CCTV
64000431,Lad LLC,Jaipur,Rajasthan,Partnership,14,IM Star Pro,30,5Cr-20Cr,Churning Seller,78,472,45,38,24,57,51,App,3.62,52,50,High,15,27,21,5,Regional,Electronics,Adapters|Fiber Optic Cable|HDMI Cable
64000432,"Wadhwa, Dey and Samra",Noida,Uttar Pradesh,Private Limited,1,Trustseal Pro,14,5Cr-20Cr,New Seller,75,481,3,48,2,74,10,App,4.11,59,60,Medium,35,18,42,1,Export,Leather,Wallet|Organizer Bag|Card Holder
64000433,"Halder, Arora and Batta",Delhi,Delhi,LLP,11,IM Leader Pro,40,40L-1.5Cr,Power Seller,94,256,49,29,14,96,8,Mobile Site,3.23,85,82,Low,13,0,18,5,Regional,Machinery,Packaging Machine|Mixer Machine|Lathe Machine
64000434,De-Arora,Gurugram,Haryana,Private Limited,13,Maximiser Pro,21,5Cr-20Cr,New Seller,62,483,79,31,0,60,33,Desktop,4.68,41,53,Medium,50,11,37,8,National,Machinery,Mixer Machine|Packaging Machine|Juice Machine
64000435,Kapadia LLC,Mumbai,Maharashtra,Proprietorship,11,Trustseal Pro,14,1.5Cr-5Cr,New Seller,57,152,74,59,3,63,18,Desktop,4.64,63,47,Medium,39,21,2,8,Export,Chemicals,Cleaning Chemical|Industrial Solvents|Paint Chemical
64000436,Kari Ltd,Ludhiana,Punjab,LLP,1,Mini Dynamic Catalog (Monthly),7,40L-1.5Cr,Lazy Seller,60,273,48,38,0,47,92,Desktop,3.67,18,18,High,19,28,27,8,National,Electronics,Fiber Optic Cable|Wireless CCTV|Adapters
64000437,"Ramanathan, Hari and Barman",Surat,Gujarat,Partnership,7,IM Leader Pro,40,1.5Cr-5Cr,Churning Seller,52,489,33,30,5,31,53,Desktop,4.26,47,50,High,7,15,7,0,National,Agriculture,Drip Irrigation|Fertilizers|Seeds
64000438,Ganesh-Kadakia,Jaipur,Rajasthan,Partnership,10,IM Leader Pro,40,40L-1.5Cr,New Seller,63,194,8,47,33,52,16,Desktop,4.52,55,52,Medium,65,30,40,7,Regional,Leather,Organizer Bag|Passport Holder|Wallet
64000439,Sheth-Dhar,Noida,Uttar Pradesh,Partnership,2,Mini Dynamic Catalog (Monthly),7,10L-40L,Power Seller,94,246,9,24,6,95,3,Mobile Site,3.29,84,83,Low,35,0,4,4,National,Agriculture,Pesticides|Seeds|Drip Irrigation
64000440,Khare Inc,Jaipur,Rajasthan,Partnership,10,Maximiser Pro,21,10L-40L,Lazy Seller,40,470,14,48,20,49,89,App,4.08,24,40,High,18,26,38,3,Regional,Leather,Card Holder|Passport Holder|Laptop Sleeve
64000441,Sule Ltd,Gurugram,Haryana,Partnership,10,Mini Dynamic Catalog (Annual),10,5Cr-20Cr,New Seller,73,346,67,21,5,70,22,Mobile Site,4.26,68,63,Medium,39,18,12,3,Regional,Leather,Organizer Bag|Wallet|Passport Holder
64000442,Sem-Shah,Delhi,Delhi,Partnership,3,Free,0,1.5Cr-5Cr,Free Active Seller,88,318,71,9,2,78,13,Mobile Site,3.78,90,79,Medium,84,20,24,0,Export,Chemicals,Paint Chemical|Industrial Solvents|Cleaning Chemical
64000443,Ravel-Chopra,Chennai,Tamil Nadu,Proprietorship,1,Mini Dynamic Catalog (Monthly),7,5Cr-20Cr,Churning Seller,63,422,10,26,3,52,50,Mobile Site,4.38,32,40,High,11,26,30,5,Export,Furniture,Office Chair|Wooden Table|Modular Desk
64000444,Sabharwal Group,Chennai,Tamil Nadu,Private Limited,10,Free,0,40L-1.5Cr,Free Active Seller,83,273,30,5,5,75,7,App,4.26,73,82,Medium,76,12,16,7,Export,Furniture,Wooden Table|Sofa|Modular Desk
64000445,"Konda, Luthra and Mander",Surat,Gujarat,LLP,4,Trustseal Pro,14,40L-1.5Cr,Lazy Seller,40,304,16,14,4,43,41,Mobile Site,4.2,12,26,High,5,19,24,0,Regional,Electronics,Adapters|HDMI Cable|Fiber Optic Cable
64000446,Bansal-Sule,Ahmedabad,Gujarat,Proprietorship,5,Maximiser Pro,21,1.5Cr-5Cr,Churning Seller,78,145,24,30,0,46,47,Desktop,3.24,41,47,High,22,10,44,2,National,Leather,Wallet|Organizer Bag|Card Holder
64000447,Babu-Varty,Gurugram,Haryana,Private Limited,15,IM Star Pro,30,40L-1.5Cr,Churning Seller,64,289,57,13,1,45,72,Desktop,3.53,43,41,High,10,9,25,5,National,Garments,T-Shirts|Hoodies|Kids Wear
64000448,Badal-Vala,Chennai,Tamil Nadu,LLP,11,Mini Dynamic Catalog (Monthly),7,10L-40L,Churning Seller,74,47,37,13,7,42,62,App,4.54,29,30,High,12,11,40,1,Regional,Furniture,Wooden Table|Sofa|Modular Desk
64000449,Rajan-Sahota,Bengaluru,Karnataka,LLP,13,IM Leader Pro,40,1.5Cr-5Cr,New Seller,70,211,69,66,31,61,39,Mobile Site,3.88,45,55,Medium,57,20,38,0,Regional,Garments,Kids Wear|Corporate Wear|Hoodies
64000450,Ramachandran Inc,Ahmedabad,Gujarat,Proprietorship,8,IM IL,70,40L-1.5Cr,Churning Seller,56,498,49,37,35,49,79,Desktop,3.7,44,38,High,10,7,34,5,Regional,Furniture,Modular Desk|Office Chair|Wooden Table
64000451,Dhingra and Sons,Chennai,Tamil Nadu,Partnership,8,IM Leader Pro,40,10L-40L,Premium Stable Seller,91,431,65,45,17,92,10,Desktop,3.95,88,91,Low,26,3,17,1,National,Furniture,Modular Desk|Office Chair|Sofa
64000452,Bhatia Group,Gurugram,Haryana,Private Limited,14,Mini Dynamic Catalog (Annual),10,1.5Cr-5Cr,Premium Stable Seller,86,39,71,17,5,85,4,App,3.71,78,80,Low,26,1,44,4,Regional,Leather,Card Holder|Laptop Sleeve|Wallet
64000453,Khosla-Krish,Chennai,Tamil Nadu,Proprietorship,14,IM Star Pro,30,10L-40L,New Seller,55,420,53,56,26,69,29,App,4.31,49,71,Medium,46,23,10,6,Regional,Agriculture,Fertilizers|Drip Irrigation|Seeds
64000454,"Randhawa, Sampath and Iyer",Ahmedabad,Gujarat,Proprietorship,8,Free,0,10L-40L,Churning Seller,73,239,55,11,7,59,68,App,3.44,25,30,High,11,19,9,4,Export,Chemicals,Paint Chemical|Cleaning Chemical|Industrial Solvents
64000455,"Lal, Rajan and Walia",Delhi,Delhi,LLP,13,IM Leader Pro,40,10L-40L,New Seller,65,226,70,43,20,52,36,Mobile Site,4.54,53,66,Medium,59,23,9,2,National,Packaging,Labels|Shipping Box|Corrugated Box
64000456,Mammen-Ben,Chennai,Tamil Nadu,LLP,7,IM IL,70,10L-40L,Churning Seller,52,188,74,62,40,64,74,Desktop,3.38,32,35,High,8,14,36,2,Regional,Chemicals,Industrial Solvents|Cleaning Chemical|Paint Chemical
64000457,Kanda Group,Chennai,Tamil Nadu,LLP,1,Maximiser Pro,21,1.5Cr-5Cr,Churning Seller,52,357,69,13,7,54,61,Mobile Site,3.22,33,27,High,14,6,21,6,National,Furniture,Modular Desk|Office Chair|Sofa
64000458,Raman-Sabharwal,Mumbai,Maharashtra,Partnership,3,IM IL,70,1.5Cr-5Cr,Premium Stable Seller,93,178,57,109,60,80,9,Mobile Site,3.55,81,82,Low,21,1,44,7,National,Electronics,CCTV Camera|Fiber Optic Cable|HDMI Cable
64000459,"Sheth, Saran and Behl",Ahmedabad,Gujarat,Partnership,3,Mini Dynamic Catalog (Annual),10,10L-40L,Lazy Seller,65,255,61,41,0,35,107,App,4.3,20,44,High,20,28,30,5,Export,Packaging,Labels|Corrugated Box|Shipping Box
64000460,Bedi-Dua,Ludhiana,Punjab,LLP,10,IM IL,70,10L-40L,Churning Seller,57,377,74,17,12,41,80,Desktop,4.71,49,32,High,10,27,11,4,Export,Chemicals,Industrial Solvents|Paint Chemical|Cleaning Chemical
64000461,Kumar Group,Bengaluru,Karnataka,Private Limited,11,Maximiser Pro,21,5Cr-20Cr,Power Seller,97,406,15,69,10,98,10,Desktop,3.63,83,93,Low,12,3,33,0,National,Agriculture,Drip Irrigation|Fertilizers|Pesticides
64000462,"Bumb, Lad and Bhardwaj",Delhi,Delhi,Partnership,11,Free,0,40L-1.5Cr,New Seller,67,39,3,13,1,55,35,App,4.34,67,51,Medium,47,27,30,7,National,Garments,T-Shirts|Kids Wear|Corporate Wear
64000463,"Tella, Madan and Apte",Gurugram,Haryana,Partnership,9,Maximiser Pro,21,10L-40L,New Seller,77,162,22,26,0,75,38,Desktop,3.7,44,60,Medium,61,24,35,6,Regional,Agriculture,Fertilizers|Seeds|Drip Irrigation
64000464,"Agate, Bhattacharyya and Kannan",Gurugram,Haryana,Partnership,11,Free,0,10L-40L,Free Active Seller,74,37,70,11,7,79,10,Mobile Site,4.58,75,74,Medium,97,27,42,1,National,Garments,T-Shirts|Corporate Wear|Uniforms
64000465,"Swamy, Reddy and Saran",Ludhiana,Punjab,LLP,1,Mini Dynamic Catalog (Monthly),7,5Cr-20Cr,Premium Stable Seller,79,485,32,17,1,90,15,Desktop,4.88,81,85,Low,26,0,22,3,Export,Agriculture,Pesticides|Drip Irrigation|Seeds
64000466,"Sinha, Chahal and Ram",Gurugram,Haryana,Proprietorship,15,Trustseal Pro,14,5Cr-20Cr,Power Seller,87,185,73,45,3,86,8,App,3.41,96,85,Low,20,1,14,1,National,Electronics,Wireless CCTV|HDMI Cable|Adapters
64000467,Ganesh Group,Surat,Gujarat,Proprietorship,1,IM Leader Pro,40,10L-40L,Lazy Seller,40,356,37,88,39,44,67,Desktop,4.71,24,22,High,7,16,27,4,Export,Chemicals,Cleaning Chemical|Paint Chemical|Industrial Solvents
64000468,"Malhotra, Singhal and Chahal",Noida,Uttar Pradesh,Partnership,12,Trustseal Pro,14,5Cr-20Cr,Premium Stable Seller,86,493,19,26,2,81,12,Desktop,3.77,85,90,Low,36,2,39,7,National,Packaging,Corrugated Box|Plastic Pouch|Shipping Box
64000469,"Upadhyay, Kala and Sawhney",Bengaluru,Karnataka,Proprietorship,9,Mini Dynamic Catalog (Monthly),7,10L-40L,Premium Stable Seller,85,397,56,53,3,78,12,Desktop,3.84,78,87,Low,22,0,19,3,Regional,Chemicals,Paint Chemical|Cleaning Chemical|Industrial Solvents
64000470,"Tripathi, Chowdhury and Sampath",Jaipur,Rajasthan,Proprietorship,11,Maximiser Pro,21,10L-40L,Power Seller,96,422,7,71,13,95,4,Desktop,4.64,88,92,Low,30,2,22,5,Regional,Packaging,Shipping Box|Plastic Pouch|Labels
64000471,Suri-Vasa,Ahmedabad,Gujarat,Partnership,15,Maximiser Pro,21,10L-40L,New Seller,80,286,43,28,14,66,24,Desktop,4.68,59,72,Medium,47,25,5,3,Regional,Electronics,HDMI Cable|CCTV Camera|Adapters
64000472,Mangat and Sons,Mumbai,Maharashtra,Proprietorship,3,Trustseal Pro,14,40L-1.5Cr,Power Seller,88,259,41,15,11,92,10,App,3.5,82,95,Low,33,1,16,4,National,Chemicals,Cleaning Chemical|Paint Chemical|Industrial Solvents
64000473,"Chaudhry, Dhar and Balay",Chennai,Tamil Nadu,LLP,11,IM Star Pro,30,5Cr-20Cr,Churning Seller,77,105,62,61,13,60,35,Desktop,4.59,43,32,High,17,21,31,0,National,Machinery,Mixer Machine|Lathe Machine|Packaging Machine
64000474,"Basak, Kaur and Barman",Jaipur,Rajasthan,Partnership,13,Free,0,5Cr-20Cr,Free Active Seller,89,214,61,14,7,82,7,Mobile Site,4.23,87,73,Medium,83,14,5,5,Regional,Garments,T-Shirts|Uniforms|Corporate Wear
64000475,Subramanian LLC,Noida,Uttar Pradesh,Proprietorship,3,Mini Dynamic Catalog (Monthly),7,10L-40L,Churning Seller,50,222,49,29,7,62,72,App,4.7,51,32,High,18,14,8,6,Export,Chemicals,Cleaning Chemical|Paint Chemical|Industrial Solvents
64000476,Balay Ltd,Mumbai,Maharashtra,Proprietorship,13,IM Star Pro,30,40L-1.5Cr,Lazy Seller,62,376,9,54,29,52,102,Desktop,4.01,30,37,High,16,18,24,0,Export,Leather,Organizer Bag|Laptop Sleeve|Passport Holder
64000477,"Garde, Kuruvilla and Dash",Mumbai,Maharashtra,Private Limited,10,Trustseal Pro,14,5Cr-20Cr,Lazy Seller,56,26,16,54,1,35,117,App,4.4,28,45,High,10,25,6,8,Regional,Packaging,Plastic Pouch|Shipping Box|Labels
64000478,Khatri-Hans,Jaipur,Rajasthan,Proprietorship,14,IM Star Pro,30,10L-40L,Lazy Seller,59,320,41,57,24,52,108,Desktop,4.28,31,43,High,17,28,23,2,National,Agriculture,Pesticides|Fertilizers|Seeds
64000479,"Bassi, Bhatt and De",Ahmedabad,Gujarat,LLP,12,Free,0,1.5Cr-5Cr,Free Active Seller,70,55,55,21,13,70,18,Mobile Site,3.93,85,68,Medium,78,25,12,5,Regional,Chemicals,Cleaning Chemical|Industrial Solvents|Paint Chemical
64000480,"Dugal, Krishnamurthy and Gole",Mumbai,Maharashtra,Proprietorship,8,Mini Dynamic Catalog (Annual),10,10L-40L,Churning Seller,64,434,26,21,6,43,48,Mobile Site,3.48,32,21,High,10,19,19,1,National,Furniture,Office Chair|Sofa|Wooden Table
64000481,Kar-Walia,Gurugram,Haryana,Private Limited,2,Free,0,10L-40L,Free Active Seller,70,409,14,5,0,83,8,Mobile Site,4.19,85,83,Medium,96,13,3,1,Regional,Furniture,Wooden Table|Sofa|Office Chair
64000482,"Savant, Iyengar and Sant",Bengaluru,Karnataka,Partnership,7,IM Star Pro,30,1.5Cr-5Cr,Premium Stable Seller,93,209,45,45,26,93,15,Mobile Site,3.88,85,91,Low,25,1,40,0,National,Agriculture,Fertilizers|Pesticides|Drip Irrigation
64000483,De Inc,Surat,Gujarat,Partnership,1,IM IL,70,5Cr-20Cr,Lazy Seller,48,378,33,52,28,21,117,Mobile Site,3.9,13,42,High,13,24,13,0,Export,Leather,Wallet|Passport Holder|Organizer Bag
64000484,Bhat LLC,Surat,Gujarat,Partnership,11,Free,0,10L-40L,Free Active Seller,71,139,79,20,12,90,16,App,3.93,80,89,Medium,89,28,31,1,Export,Electronics,HDMI Cable|CCTV Camera|Adapters
64000485,"Bhargava, Hari and Toor",Jaipur,Rajasthan,Private Limited,10,Trustseal Pro,14,5Cr-20Cr,Churning Seller,77,427,13,24,13,63,89,Desktop,4.72,22,24,High,20,26,8,7,Export,Chemicals,Cleaning Chemical|Industrial Solvents|Paint Chemical
64000486,Das Inc,Bengaluru,Karnataka,Proprietorship,4,Trustseal Pro,14,1.5Cr-5Cr,Churning Seller,74,102,43,62,6,35,38,Desktop,4.42,47,42,High,5,29,43,7,Export,Machinery,Mixer Machine|Lathe Machine|Juice Machine
64000487,Saini-Mand,Gurugram,Haryana,Proprietorship,15,Free,0,40L-1.5Cr,Premium Stable Seller,80,195,50,17,13,88,6,App,3.4,93,80,Low,35,1,6,1,Regional,Garments,Uniforms|Hoodies|Corporate Wear
64000488,Goswami-Sanghvi,Surat,Gujarat,Proprietorship,12,IM Leader Pro,40,5Cr-20Cr,Power Seller,86,51,77,73,12,95,8,App,4.51,98,82,Low,19,3,44,2,Export,Chemicals,Paint Chemical|Cleaning Chemical|Industrial Solvents
64000489,Dua LLC,Chennai,Tamil Nadu,Proprietorship,2,Mini Dynamic Catalog (Monthly),7,1.5Cr-5Cr,Lazy Seller,69,448,30,36,7,40,58,Desktop,4.47,36,45,High,14,9,45,0,Export,Chemicals,Industrial Solvents|Cleaning Chemical|Paint Chemical
64000490,"Goda, Magar and Ben",Surat,Gujarat,Private Limited,9,Mini Dynamic Catalog (Annual),10,1.5Cr-5Cr,New Seller,63,273,39,50,6,72,40,Desktop,4.61,60,71,Medium,41,6,14,3,Export,Chemicals,Paint Chemical|Cleaning Chemical|Industrial Solvents
64000491,Gaba and Sons,Delhi,Delhi,Proprietorship,14,IM IL,70,5Cr-20Cr,Lazy Seller,59,236,62,49,48,30,42,Desktop,4.1,27,27,High,15,17,19,4,Export,Machinery,Juice Machine|Mixer Machine|Lathe Machine
64000492,Apte-Agarwal,Ahmedabad,Gujarat,LLP,2,IM Leader Pro,40,40L-1.5Cr,Churning Seller,74,315,19,61,30,33,63,Desktop,3.57,49,40,High,10,14,13,0,National,Machinery,Lathe Machine|Juice Machine|Packaging Machine
64000493,Shanker Inc,Chennai,Tamil Nadu,Partnership,11,IM IL,70,1.5Cr-5Cr,Churning Seller,63,111,8,20,16,40,32,Mobile Site,3.94,26,31,High,20,25,10,6,Regional,Agriculture,Pesticides|Fertilizers|Drip Irrigation
64000494,Chhabra-Mammen,Delhi,Delhi,Partnership,4,Free,0,5Cr-20Cr,Lazy Seller,59,418,61,25,12,31,88,App,3.22,34,37,High,7,13,8,1,Regional,Furniture,Sofa|Office Chair|Wooden Table
64000495,Yogi Ltd,Noida,Uttar Pradesh,Proprietorship,1,Free,0,10L-40L,Premium Stable Seller,86,267,57,14,9,81,15,App,3.31,93,83,Low,27,1,35,2,National,Packaging,Plastic Pouch|Corrugated Box|Labels
64000496,"Chadha, Loke and Edwin",Delhi,Delhi,LLP,9,Free,0,10L-40L,Premium Stable Seller,80,405,28,8,2,94,12,Mobile Site,3.96,92,81,Low,39,1,21,1,Regional,Garments,Corporate Wear|T-Shirts|Uniforms
64000497,Ghose Ltd,Mumbai,Maharashtra,Proprietorship,11,Mini Dynamic Catalog (Annual),10,10L-40L,Churning Seller,67,172,48,39,2,46,29,Desktop,3.71,25,23,High,21,18,34,4,Export,Agriculture,Pesticides|Drip Irrigation|Fertilizers
64000498,Chahal-Gola,Bengaluru,Karnataka,LLP,3,Free,0,40L-1.5Cr,Premium Stable Seller,88,127,14,6,1,94,8,Desktop,3.71,94,95,Low,31,0,14,2,Export,Machinery,Juice Machine|Lathe Machine|Mixer Machine
64000499,Kadakia-Rastogi,Bengaluru,Karnataka,Proprietorship,10,Free,0,40L-1.5Cr,Free Active Seller,78,301,34,13,6,69,16,App,3.98,89,81,Medium,77,25,17,6,Export,Furniture,Wooden Table|Office Chair|Sofa
64000500,Wadhwa-Buch,Mumbai,Maharashtra,Proprietorship,2,IM Star Pro,30,1.5Cr-5Cr,New Seller,75,356,67,25,13,67,22,App,3.84,62,56,Medium,53,9,39,3,Regional,Machinery,Packaging Machine|Lathe Machine|Mixer Machine
64000501,"Varkey, Devi and Gokhale",Ludhiana,Punjab,Partnership,9,IM IL,70,10L-40L,Power Seller,84,418,36,23,7,95,12,Desktop,3.84,82,93,Low,20,2,15,6,Regional,Machinery,Packaging Machine|Mixer Machine|Juice Machine
64000502,"Srinivasan, Ramesh and D’Alia",Gurugram,Haryana,Proprietorship,9,IM Star Pro,30,10L-40L,New Seller,73,378,75,41,17,71,41,Desktop,3.49,43,61,Medium,46,13,25,2,National,Chemicals,Paint Chemical|Cleaning Chemical|Industrial Solvents
64000503,Bora PLC,Bengaluru,Karnataka,LLP,8,Trustseal Pro,14,10L-40L,Premium Stable Seller,86,84,20,29,9,78,13,Mobile Site,4.29,91,82,Low,36,2,24,3,Export,Leather,Passport Holder|Wallet|Card Holder
64000504,"Babu, Rana and Khalsa",Chennai,Tamil Nadu,LLP,12,Trustseal Pro,14,1.5Cr-5Cr,Lazy Seller,68,239,68,50,14,42,99,Mobile Site,4.66,26,24,High,13,12,20,6,National,Agriculture,Drip Irrigation|Pesticides|Seeds
64000505,"Borra, Hayre and Yogi",Gurugram,Haryana,Partnership,2,Maximiser Pro,21,40L-1.5Cr,New Seller,57,303,65,6,3,50,13,App,4.05,42,68,Medium,44,26,44,8,Export,Furniture,Sofa|Wooden Table|Office Chair
64000506,"Vyas, Chawla and Lad",Gurugram,Haryana,LLP,1,Maximiser Pro,21,40L-1.5Cr,Premium Stable Seller,78,398,69,10,9,91,14,Mobile Site,4.78,92,89,Low,22,3,34,3,Regional,Electronics,Adapters|HDMI Cable|Fiber Optic Cable
64000507,"Cherian, Dara and Chaudry",Gurugram,Haryana,Private Limited,14,IM Leader Pro,40,10L-40L,Churning Seller,51,77,45,36,34,57,88,App,3.71,44,25,High,16,29,19,4,Regional,Garments,Uniforms|Kids Wear|T-Shirts
64000508,Boase Group,Delhi,Delhi,LLP,4,Free,0,5Cr-20Cr,Free Active Seller,90,454,64,6,2,81,18,App,3.71,71,82,Medium,94,5,7,0,National,Garments,Kids Wear|Hoodies|T-Shirts
64000509,"Rajagopal, Wali and Kapadia",Mumbai,Maharashtra,LLP,6,Mini Dynamic Catalog (Annual),10,10L-40L,Power Seller,95,480,21,31,1,100,5,Desktop,4.51,82,98,Low,26,3,17,3,National,Furniture,Office Chair|Modular Desk|Wooden Table
64000510,Barad Inc,Jaipur,Rajasthan,Private Limited,5,Free,0,5Cr-20Cr,Free Active Seller,83,356,58,10,2,70,13,Desktop,3.81,78,71,Medium,89,16,13,1,Regional,Electronics,Fiber Optic Cable|Adapters|HDMI Cable
64000511,"Amble, Raval and Baria",Ludhiana,Punjab,Partnership,3,IM IL,70,5Cr-20Cr,Lazy Seller,61,360,36,20,13,22,60,Mobile Site,4.41,31,21,High,20,20,21,6,Export,Agriculture,Fertilizers|Pesticides|Drip Irrigation
64000512,Dugal-Kurian,Jaipur,Rajasthan,Proprietorship,2,Mini Dynamic Catalog (Monthly),7,10L-40L,Power Seller,86,370,32,8,5,89,7,App,4.02,96,82,Low,34,3,19,7,Regional,Furniture,Wooden Table|Office Chair|Modular Desk
64000513,Das Ltd,Jaipur,Rajasthan,Proprietorship,10,Trustseal Pro,14,10L-40L,Churning Seller,57,361,56,17,7,47,39,Mobile Site,4.44,36,42,High,12,27,40,2,Regional,Leather,Card Holder|Organizer Bag|Laptop Sleeve
64000514,"Lall, Kaul and Saran",Chennai,Tamil Nadu,Proprietorship,4,Trustseal Pro,14,5Cr-20Cr,Power Seller,94,29,80,17,1,86,6,App,4.09,86,86,Low,23,0,45,3,Regional,Leather,Passport Holder|Organizer Bag|Wallet
64000515,Shukla Ltd,Surat,Gujarat,LLP,8,IM IL,70,40L-1.5Cr,Power Seller,83,199,55,36,20,94,3,Desktop,3.2,88,93,Low,18,0,43,5,Regional,Machinery,Juice Machine|Lathe Machine|Mixer Machine
64000516,Hans-Chhabra,Ludhiana,Punjab,LLP,5,Mini Dynamic Catalog (Annual),10,40L-1.5Cr,Premium Stable Seller,91,175,16,11,10,83,7,App,3.81,90,89,Low,25,0,24,8,Export,Packaging,Plastic Pouch|Corrugated Box|Labels
64000517,"Sheth, Kibe and Chaudhry",Surat,Gujarat,Proprietorship,11,Free,0,40L-1.5Cr,Free Active Seller,76,342,79,8,0,83,11,Desktop,4.4,72,71,Medium,79,23,7,1,Export,Electronics,HDMI Cable|Adapters|Wireless CCTV
64000518,"Sha, Kalita and Issac",Chennai,Tamil Nadu,Private Limited,5,Free,0,1.5Cr-5Cr,New Seller,79,85,26,18,8,51,44,App,3.96,63,49,Medium,36,29,8,6,Regional,Chemicals,Industrial Solvents|Paint Chemical|Cleaning Chemical
64000519,"Roy, Sharaf and Gera",Noida,Uttar Pradesh,LLP,9,Mini Dynamic Catalog (Monthly),7,5Cr-20Cr,Premium Stable Seller,83,309,9,55,3,97,7,Mobile Site,4.11,79,87,Low,16,3,33,1,Regional,Packaging,Labels|Shipping Box|Plastic Pouch
64000520,"Edwin, Virk and Wadhwa",Noida,Uttar Pradesh,LLP,9,IM IL,70,1.5Cr-5Cr,Lazy Seller,57,323,3,117,65,33,63,App,4.65,10,20,High,11,19,19,4,Export,Chemicals,Cleaning Chemical|Industrial Solvents|Paint Chemical
64000521,"Varghese, Chaudhuri and Karnik",Gurugram,Haryana,Proprietorship,4,Maximiser Pro,21,10L-40L,Power Seller,91,158,8,36,6,86,12,Mobile Site,3.79,84,90,Low,14,0,39,5,National,Chemicals,Paint Chemical|Industrial Solvents|Cleaning Chemical
64000522,"Venkataraman, Kadakia and Dayal",Gurugram,Haryana,Private Limited,12,IM IL,70,1.5Cr-5Cr,Churning Seller,78,441,47,33,17,48,66,Desktop,4.11,23,40,High,5,10,38,1,Export,Electronics,Wireless CCTV|Fiber Optic Cable|CCTV Camera
64000523,Gour-Karan,Jaipur,Rajasthan,Private Limited,14,Maximiser Pro,21,5Cr-20Cr,New Seller,69,342,52,24,14,52,30,App,3.45,48,51,Medium,53,12,31,1,National,Packaging,Plastic Pouch|Shipping Box|Corrugated Box
64000524,"Srinivas, Sachdev and Samra",Mumbai,Maharashtra,LLP,3,Maximiser Pro,21,40L-1.5Cr,Churning Seller,68,103,24,55,21,61,48,Desktop,3.44,38,20,High,14,24,28,3,National,Furniture,Sofa|Modular Desk|Office Chair
64000525,"Sharma, Gole and Choudhry",Jaipur,Rajasthan,Partnership,12,Trustseal Pro,14,40L-1.5Cr,Premium Stable Seller,78,76,3,53,13,97,4,Desktop,4.51,87,90,Low,15,0,18,2,Export,Machinery,Juice Machine|Mixer Machine|Packaging Machine
64000526,Cherian-Taneja,Chennai,Tamil Nadu,Partnership,13,Mini Dynamic Catalog (Annual),10,1.5Cr-5Cr,Power Seller,92,308,58,57,2,87,5,App,3.46,84,97,Low,34,2,4,8,Export,Agriculture,Pesticides|Fertilizers|Drip Irrigation
64000527,Dar-Kibe,Ludhiana,Punjab,Partnership,1,Mini Dynamic Catalog (Annual),10,5Cr-20Cr,Power Seller,91,487,30,6,1,88,10,Desktop,3.8,93,86,Low,10,3,19,3,Export,Machinery,Juice Machine|Lathe Machine|Packaging Machine
64000528,"Khanna, Vohra and Lad",Jaipur,Rajasthan,Partnership,8,Mini Dynamic Catalog (Annual),10,40L-1.5Cr,Churning Seller,57,190,17,28,1,36,61,Desktop,3.93,42,22,High,24,6,22,2,Export,Agriculture,Pesticides|Seeds|Drip Irrigation
64000529,Dara-Bhavsar,Jaipur,Rajasthan,Proprietorship,15,IM Star Pro,30,10L-40L,New Seller,74,158,65,52,29,71,28,Desktop,4.66,51,73,Medium,38,13,10,2,National,Garments,Hoodies|Uniforms|Corporate Wear
64000530,Dalal-Goel,Mumbai,Maharashtra,LLP,8,Free,0,5Cr-20Cr,New Seller,57,94,13,15,4,48,37,App,3.74,70,68,Medium,43,10,28,7,Export,Leather,Wallet|Organizer Bag|Card Holder
64000531,Bath-Bhargava,Jaipur,Rajasthan,Private Limited,3,Maximiser Pro,21,5Cr-20Cr,New Seller,67,272,70,34,12,58,45,Mobile Site,4.18,55,62,Medium,52,7,45,3,Export,Agriculture,Seeds|Pesticides|Drip Irrigation
64000532,Devi Group,Gurugram,Haryana,Proprietorship,6,Maximiser Pro,21,5Cr-20Cr,Power Seller,82,50,46,51,4,96,10,Desktop,4.62,95,86,Low,13,2,36,6,Regional,Agriculture,Seeds|Pesticides|Fertilizers
64000533,Balan-Thaker,Ahmedabad,Gujarat,Proprietorship,1,Trustseal Pro,14,10L-40L,New Seller,58,376,56,28,0,75,19,Mobile Site,4.19,52,68,Medium,35,27,31,2,Regional,Garments,Kids Wear|Uniforms|Corporate Wear
64000534,Tak Inc,Mumbai,Maharashtra,Private Limited,3,Maximiser Pro,21,5Cr-20Cr,Power Seller,84,113,62,22,16,85,11,App,4.43,93,86,Low,34,2,29,0,National,Packaging,Shipping Box|Plastic Pouch|Corrugated Box
64000535,"Ghose, Bava and Johal",Gurugram,Haryana,Proprietorship,1,Mini Dynamic Catalog (Monthly),7,1.5Cr-5Cr,New Seller,74,222,56,48,7,69,21,Mobile Site,4.05,56,50,Medium,35,22,15,6,Regional,Agriculture,Pesticides|Drip Irrigation|Seeds
64000536,Chawla-Sule,Ludhiana,Punjab,Partnership,9,Trustseal Pro,14,5Cr-20Cr,Lazy Seller,53,114,73,43,13,45,119,App,3.73,11,22,High,17,7,42,6,National,Packaging,Plastic Pouch|Corrugated Box|Shipping Box
64000537,Zachariah-D’Alia,Mumbai,Maharashtra,Partnership,13,Free,0,40L-1.5Cr,Free Active Seller,90,59,48,24,10,78,8,App,3.48,78,71,Medium,78,5,7,1,Regional,Electronics,CCTV Camera|Wireless CCTV|HDMI Cable
64000538,Chokshi-Chacko,Chennai,Tamil Nadu,Partnership,13,Free,0,5Cr-20Cr,Free Active Seller,76,157,12,23,1,82,8,Desktop,3.28,90,69,Medium,82,23,6,4,Regional,Electronics,Adapters|CCTV Camera|Wireless CCTV
64000539,Sheth Inc,Surat,Gujarat,Private Limited,7,Maximiser Pro,21,40L-1.5Cr,Premium Stable Seller,88,365,14,47,13,90,14,Desktop,4.2,86,82,Low,37,0,25,7,Export,Agriculture,Seeds|Fertilizers|Pesticides
64000540,"Balakrishnan, Bhandari and Kulkarni",Delhi,Delhi,Private Limited,3,Free,0,40L-1.5Cr,Churning Seller,52,92,22,21,10,35,54,App,3.69,33,45,High,25,19,40,6,Regional,Leather,Wallet|Card Holder|Laptop Sleeve
64000541,Zacharia-Shankar,Jaipur,Rajasthan,Proprietorship,4,Mini Dynamic Catalog (Annual),10,5Cr-20Cr,Premium Stable Seller,82,27,20,54,4,96,13,Desktop,3.97,90,81,Low,40,0,11,4,Regional,Packaging,Shipping Box|Labels|Plastic Pouch
64000542,Dua-Kari,Gurugram,Haryana,Private Limited,10,Free,0,40L-1.5Cr,Free Active Seller,81,152,62,13,12,67,6,Desktop,4.85,75,90,Medium,89,19,32,0,National,Electronics,Adapters|HDMI Cable|Fiber Optic Cable
64000543,Johal Ltd,Ludhiana,Punjab,LLP,7,Trustseal Pro,14,10L-40L,Premium Stable Seller,92,62,54,37,7,89,11,Mobile Site,4.86,94,88,Low,26,2,4,3,Export,Chemicals,Industrial Solvents|Paint Chemical|Cleaning Chemical
64000544,"Char, Rajagopalan and Sood",Bengaluru,Karnataka,Partnership,3,IM Star Pro,30,5Cr-20Cr,Power Seller,94,218,61,16,11,90,11,Mobile Site,4.11,92,84,Low,17,3,30,1,Regional,Leather,Wallet|Passport Holder|Card Holder
64000545,"Kota, Babu and Srinivas",Mumbai,Maharashtra,Partnership,15,IM IL,70,1.5Cr-5Cr,Lazy Seller,52,329,64,32,30,45,82,App,3.27,12,25,High,15,8,10,7,Regional,Furniture,Modular Desk|Sofa|Wooden Table
64000546,Khalsa-Iyengar,Ahmedabad,Gujarat,Private Limited,10,IM IL,70,1.5Cr-5Cr,Power Seller,83,128,4,102,54,96,8,Mobile Site,3.5,95,88,Low,11,2,10,1,National,Packaging,Labels|Corrugated Box|Shipping Box
64000547,"Kalla, Lalla and Saini",Jaipur,Rajasthan,Partnership,5,Free,0,1.5Cr-5Cr,New Seller,68,114,8,7,6,61,23,Desktop,3.54,61,73,Medium,43,15,27,7,National,Chemicals,Industrial Solvents|Cleaning Chemical|Paint Chemical
64000548,Sidhu LLC,Bengaluru,Karnataka,Proprietorship,12,IM Leader Pro,40,1.5Cr-5Cr,Lazy Seller,64,59,76,83,9,20,111,Desktop,3.46,35,43,High,11,15,30,2,National,Electronics,CCTV Camera|Wireless CCTV|Fiber Optic Cable
64000549,Bansal Inc,Surat,Gujarat,Partnership,13,IM IL,70,10L-40L,New Seller,63,458,18,86,57,61,10,Desktop,3.57,54,75,Medium,61,25,13,6,Export,Garments,Uniforms|Hoodies|T-Shirts
64000550,Goyal and Sons,Bengaluru,Karnataka,Proprietorship,10,Maximiser Pro,21,10L-40L,Lazy Seller,62,209,48,7,4,33,64,Mobile Site,4.05,31,33,High,5,14,30,6,National,Electronics,Adapters|CCTV Camera|HDMI Cable
64000551,Gola-Anand,Surat,Gujarat,Private Limited,14,IM IL,70,5Cr-20Cr,Premium Stable Seller,94,211,24,75,20,88,4,App,4.64,80,92,Low,28,3,45,6,Export,Garments,Uniforms|T-Shirts|Hoodies
64000552,Trivedi and Sons,Ludhiana,Punjab,Partnership,2,Mini Dynamic Catalog (Annual),10,5Cr-20Cr,Power Seller,82,247,66,42,0,98,3,Desktop,3.58,95,85,Low,30,2,30,8,National,Agriculture,Fertilizers|Pesticides|Seeds
64000553,"Behl, Doshi and Barad",Gurugram,Haryana,Proprietorship,14,Mini Dynamic Catalog (Annual),10,1.5Cr-5Cr,Lazy Seller,62,23,49,55,3,49,92,App,4.7,39,41,High,17,21,17,4,National,Garments,Uniforms|Corporate Wear|T-Shirts
64000554,"Sahota, Brahmbhatt and Chhabra",Ahmedabad,Gujarat,Partnership,15,Mini Dynamic Catalog (Monthly),7,5Cr-20Cr,Lazy Seller,40,191,23,41,6,21,59,Desktop,4.25,35,26,High,15,12,26,0,Export,Chemicals,Paint Chemical|Cleaning Chemical|Industrial Solvents
64000555,"Talwar, Kunda and Ahluwalia",Jaipur,Rajasthan,Proprietorship,11,Trustseal Pro,14,5Cr-20Cr,Lazy Seller,65,70,18,37,1,40,106,Mobile Site,4.76,15,28,High,12,25,36,2,National,Furniture,Wooden Table|Sofa|Office Chair
64000556,Soman Group,Ahmedabad,Gujarat,Partnership,2,IM IL,70,1.5Cr-5Cr,Power Seller,82,215,5,100,16,89,2,Desktop,3.61,97,84,Low,28,3,15,4,Regional,Packaging,Plastic Pouch|Labels|Corrugated Box
64000557,Sabharwal-Kothari,Bengaluru,Karnataka,Proprietorship,12,IM Star Pro,30,10L-40L,Lazy Seller,43,346,76,18,3,37,50,Desktop,3.44,39,19,High,5,19,17,2,Regional,Leather,Card Holder|Laptop Sleeve|Passport Holder
64000558,Chada LLC,Gurugram,Haryana,LLP,14,Free,0,5Cr-20Cr,Free Active Seller,76,57,64,25,2,77,6,App,4.71,85,68,Medium,88,11,41,7,Regional,Chemicals,Paint Chemical|Cleaning Chemical|Industrial Solvents
64000559,"Sandal, Kapoor and Toor",Mumbai,Maharashtra,Private Limited,1,Mini Dynamic Catalog (Monthly),7,40L-1.5Cr,Churning Seller,53,299,2,15,4,51,69,Mobile Site,3.25,50,39,High,24,8,2,8,Export,Packaging,Shipping Box|Corrugated Box|Labels
64000560,Cherian-Goyal,Mumbai,Maharashtra,Proprietorship,14,Free,0,40L-1.5Cr,Free Active Seller,73,62,18,13,4,71,5,Desktop,3.79,80,72,Medium,82,20,36,4,National,Packaging,Labels|Plastic Pouch|Shipping Box
64000561,"Sarma, Atwal and Sarkar",Noida,Uttar Pradesh,LLP,9,Maximiser Pro,21,40L-1.5Cr,Lazy Seller,56,221,15,44,5,31,65,Mobile Site,4.03,31,42,High,13,30,29,6,Export,Machinery,Juice Machine|Mixer Machine|Packaging Machine
64000562,Mangal-Chawla,Ludhiana,Punjab,Private Limited,10,IM IL,70,1.5Cr-5Cr,Power Seller,95,439,10,62,10,91,11,Mobile Site,3.9,91,93,Low,30,0,39,8,National,Agriculture,Seeds|Pesticides|Fertilizers
64000563,"Sami, Jayaraman and Raju",Jaipur,Rajasthan,Partnership,2,IM Leader Pro,40,1.5Cr-5Cr,Churning Seller,63,356,49,52,9,41,70,Desktop,3.22,35,22,High,11,29,45,0,Export,Packaging,Labels|Shipping Box|Corrugated Box
64000564,"Chopra, Balakrishnan and Atwal",Surat,Gujarat,Proprietorship,8,IM Leader Pro,40,10L-40L,Premium Stable Seller,85,128,69,32,6,95,4,Mobile Site,4.72,87,87,Low,34,2,27,6,National,Furniture,Wooden Table|Modular Desk|Office Chair
64000565,Bedi-Bhasin,Surat,Gujarat,Proprietorship,4,Free,0,40L-1.5Cr,Power Seller,97,251,23,24,10,86,6,Mobile Site,3.24,93,85,Low,13,3,2,0,National,Agriculture,Pesticides|Seeds|Drip Irrigation
64000566,Sandhu-Comar,Ludhiana,Punjab,Proprietorship,14,Mini Dynamic Catalog (Monthly),7,1.5Cr-5Cr,Lazy Seller,42,444,55,51,4,41,42,App,3.88,12,30,High,8,13,36,5,National,Garments,Corporate Wear|Kids Wear|Hoodies
64000567,Srinivasan-Dua,Chennai,Tamil Nadu,Partnership,7,Free,0,10L-40L,Free Active Seller,84,500,15,5,1,80,18,Desktop,3.38,90,71,Medium,86,6,21,6,Regional,Garments,T-Shirts|Uniforms|Corporate Wear
64000568,Sachdeva-Kohli,Mumbai,Maharashtra,Partnership,4,IM Leader Pro,40,1.5Cr-5Cr,New Seller,72,42,16,11,4,45,13,App,4.37,48,73,Medium,60,7,25,4,Export,Machinery,Mixer Machine|Packaging Machine|Juice Machine
64000569,Yogi PLC,Mumbai,Maharashtra,Proprietorship,10,Mini Dynamic Catalog (Annual),10,40L-1.5Cr,Lazy Seller,48,346,59,47,1,40,58,Mobile Site,4.01,34,33,High,18,21,32,4,National,Furniture,Office Chair|Modular Desk|Sofa
64000570,"Verma, Dutt and Chander",Noida,Uttar Pradesh,Proprietorship,2,Free,0,10L-40L,Free Active Seller,79,357,28,7,1,87,6,Desktop,3.22,81,85,Medium,82,20,14,7,National,Electronics,Wireless CCTV|HDMI Cable|Fiber Optic Cable
64000571,"Yadav, Jha and Doshi",Ahmedabad,Gujarat,LLP,2,Free,0,10L-40L,Free Active Seller,76,409,41,19,4,91,14,Desktop,3.57,86,84,Medium,85,21,24,6,National,Machinery,Mixer Machine|Packaging Machine|Juice Machine
64000572,"Ramesh, Yadav and Bajwa",Chennai,Tamil Nadu,Proprietorship,13,Maximiser Pro,21,10L-40L,Lazy Seller,44,465,75,18,4,37,94,Mobile Site,3.39,15,36,High,14,19,2,7,Regional,Furniture,Modular Desk|Wooden Table|Sofa
64000573,Sampath-Sethi,Ludhiana,Punjab,Partnership,8,Free,0,5Cr-20Cr,New Seller,66,201,57,11,2,53,17,Mobile Site,3.77,69,62,Medium,37,17,29,4,National,Furniture,Sofa|Wooden Table|Modular Desk
64000574,"Banik, Behl and Sami",Gurugram,Haryana,Partnership,11,IM IL,70,10L-40L,Lazy Seller,52,291,79,68,66,38,64,Mobile Site,3.28,22,20,High,13,18,16,1,Regional,Agriculture,Seeds|Pesticides|Fertilizers
64000575,"Sabharwal, Varghese and Sen",Gurugram,Haryana,Partnership,15,IM Star Pro,30,40L-1.5Cr,Power Seller,89,471,53,55,12,87,10,Mobile Site,4.6,83,90,Low,17,0,45,4,National,Chemicals,Industrial Solvents|Cleaning Chemical|Paint Chemical
64000576,"Chaudhuri, Gill and Kata",Ahmedabad,Gujarat,Proprietorship,13,IM Leader Pro,40,1.5Cr-5Cr,Churning Seller,70,277,63,44,15,48,61,Mobile Site,3.32,20,23,High,10,10,12,5,National,Packaging,Corrugated Box|Plastic Pouch|Shipping Box
64000577,Brahmbhatt-Dora,Mumbai,Maharashtra,Partnership,11,IM IL,70,10L-40L,Lazy Seller,61,107,3,81,45,21,62,App,4.68,18,43,High,7,20,31,1,Regional,Leather,Passport Holder|Organizer Bag|Card Holder
64000578,Sama-Acharya,Delhi,Delhi,Private Limited,14,Trustseal Pro,14,1.5Cr-5Cr,Churning Seller,74,251,64,52,5,39,37,Mobile Site,4.03,26,29,High,15,22,24,7,Regional,Packaging,Plastic Pouch|Corrugated Box|Shipping Box
64000579,Keer Group,Surat,Gujarat,Private Limited,12,Free,0,5Cr-20Cr,Free Active Seller,86,158,68,25,0,89,15,Desktop,4.32,89,83,Medium,78,9,10,5,National,Chemicals,Industrial Solvents|Cleaning Chemical|Paint Chemical
64000580,Barman LLC,Delhi,Delhi,Proprietorship,10,IM IL,70,5Cr-20Cr,New Seller,66,213,15,40,40,51,15,Mobile Site,3.5,46,74,Medium,65,26,44,5,National,Agriculture,Pesticides|Fertilizers|Drip Irrigation
64000581,Dua-Ramachandran,Jaipur,Rajasthan,LLP,5,Free,0,5Cr-20Cr,Free Active Seller,76,447,80,8,6,66,14,Mobile Site,4.85,86,90,Medium,85,30,23,4,Regional,Agriculture,Drip Irrigation|Seeds|Fertilizers
64000582,Talwar-Kota,Delhi,Delhi,LLP,15,Trustseal Pro,14,5Cr-20Cr,New Seller,69,339,73,47,2,66,19,App,3.31,56,75,Medium,44,14,19,0,National,Leather,Wallet|Card Holder|Passport Holder
64000583,Chana Ltd,Delhi,Delhi,Proprietorship,5,Mini Dynamic Catalog (Annual),10,1.5Cr-5Cr,Premium Stable Seller,79,358,2,8,4,93,7,App,4.53,75,91,Low,26,1,33,8,Regional,Garments,Hoodies|T-Shirts|Kids Wear
64000584,"Shanker, Deep and Vaidya",Gurugram,Haryana,Private Limited,3,Maximiser Pro,21,5Cr-20Cr,New Seller,68,262,47,36,21,63,15,App,3.88,49,52,Medium,36,25,7,4,National,Garments,T-Shirts|Kids Wear|Hoodies
64000585,Sinha Ltd,Chennai,Tamil Nadu,Private Limited,3,IM IL,70,10L-40L,Premium Stable Seller,88,233,72,30,9,96,5,App,4.16,81,86,Low,19,2,41,7,Export,Machinery,Packaging Machine|Lathe Machine|Mixer Machine
64000586,"Srinivas, Dave and Contractor",Mumbai,Maharashtra,LLP,13,Mini Dynamic Catalog (Annual),10,5Cr-20Cr,Lazy Seller,48,259,47,32,7,53,96,App,3.25,32,25,High,16,18,36,0,National,Garments,Uniforms|Kids Wear|Hoodies
64000587,"Johal, Gera and Gole",Gurugram,Haryana,Proprietorship,10,Free,0,5Cr-20Cr,Free Active Seller,77,298,74,14,0,83,13,Desktop,3.89,81,72,Medium,94,29,1,7,Export,Garments,Hoodies|Kids Wear|Corporate Wear
64000588,"Madan, Behl and Dhaliwal",Noida,Uttar Pradesh,Partnership,2,IM Star Pro,30,40L-1.5Cr,Power Seller,85,266,44,12,1,95,11,Mobile Site,3.45,83,91,Low,28,0,32,2,Regional,Agriculture,Seeds|Drip Irrigation|Fertilizers
64000589,Dewan Group,Mumbai,Maharashtra,Private Limited,11,Free,0,10L-40L,Free Active Seller,70,78,10,5,1,90,12,Mobile Site,3.36,89,90,Medium,81,24,14,1,National,Garments,T-Shirts|Corporate Wear|Kids Wear
64000590,"Sagar, Buch and Sahota",Delhi,Delhi,LLP,7,Mini Dynamic Catalog (Annual),10,5Cr-20Cr,Power Seller,91,153,80,48,7,97,9,Desktop,4.28,85,89,Low,27,0,12,2,Export,Furniture,Office Chair|Sofa|Wooden Table
64000591,Uppal Group,Ahmedabad,Gujarat,Proprietorship,9,Maximiser Pro,21,5Cr-20Cr,New Seller,70,321,65,52,21,60,28,App,4.39,49,66,Medium,38,13,7,7,National,Leather,Passport Holder|Laptop Sleeve|Organizer Bag
64000592,Bhardwaj-Sastry,Jaipur,Rajasthan,Proprietorship,1,Free,0,1.5Cr-5Cr,Free Active Seller,84,175,6,25,14,68,14,Desktop,4,82,68,Medium,93,6,30,4,Regional,Leather,Wallet|Laptop Sleeve|Organizer Bag
64000593,"Ganguly, Bhakta and Badami",Mumbai,Maharashtra,Private Limited,9,Maximiser Pro,21,5Cr-20Cr,Premium Stable Seller,89,355,21,50,20,94,9,Mobile Site,4.66,91,80,Low,20,2,9,4,Export,Furniture,Sofa|Wooden Table|Modular Desk
64000594,Ramaswamy Group,Ludhiana,Punjab,LLP,2,Free,0,1.5Cr-5Cr,New Seller,67,314,66,21,8,75,40,Mobile Site,4.82,59,66,Medium,40,9,23,6,Regional,Electronics,Fiber Optic Cable|Wireless CCTV|HDMI Cable
64000595,"Randhawa, Ramachandran and Samra",Delhi,Delhi,Partnership,14,Trustseal Pro,14,40L-1.5Cr,New Seller,62,263,43,53,3,48,16,Desktop,4.73,55,74,Medium,56,29,12,6,National,Machinery,Juice Machine|Mixer Machine|Packaging Machine
64000596,Dara LLC,Gurugram,Haryana,Partnership,10,Free,0,5Cr-20Cr,Free Active Seller,73,330,5,10,5,66,18,App,3.43,72,82,Medium,86,8,41,8,Regional,Garments,T-Shirts|Kids Wear|Uniforms
64000597,Chadha-Dixit,Ahmedabad,Gujarat,Private Limited,8,IM Star Pro,30,10L-40L,Lazy Seller,54,64,76,8,1,32,60,Desktop,4.72,23,41,High,11,11,24,6,Export,Packaging,Shipping Box|Corrugated Box|Plastic Pouch
64000598,Jaggi-Sidhu,Bengaluru,Karnataka,Partnership,6,Free,0,5Cr-20Cr,Churning Seller,56,336,73,9,1,43,85,Mobile Site,3.84,52,31,High,16,19,5,1,Regional,Leather,Passport Holder|Card Holder|Wallet
64000599,"Doctor, Swaminathan and Ganesan",Bengaluru,Karnataka,Private Limited,2,Free,0,10L-40L,Power Seller,89,134,39,13,6,86,11,Desktop,4.85,97,92,Low,10,2,5,8,Export,Chemicals,Paint Chemical|Industrial Solvents|Cleaning Chemical
64000600,Bansal-Bhat,Ahmedabad,Gujarat,Private Limited,7,Mini Dynamic Catalog (Monthly),7,10L-40L,Premium Stable Seller,81,193,55,21,3,96,10,Desktop,3.55,83,78,Low,16,2,22,0,Regional,Machinery,Juice Machine|Lathe Machine|Mixer Machine
64000601,Tiwari-Arora,Noida,Uttar Pradesh,Partnership,13,Mini Dynamic Catalog (Monthly),7,10L-40L,Premium Stable Seller,89,265,18,22,0,80,9,App,4.06,94,80,Low,32,0,42,5,National,Furniture,Office Chair|Modular Desk|Wooden Table
64000602,"Reddy, Banerjee and Ghosh",Noida,Uttar Pradesh,Private Limited,13,Mini Dynamic Catalog (Monthly),7,5Cr-20Cr,Churning Seller,51,369,4,40,7,31,50,App,4.38,54,39,High,17,6,28,6,Export,Garments,Uniforms|Corporate Wear|T-Shirts
64000603,"Sinha, Shenoy and Sha",Mumbai,Maharashtra,Partnership,8,IM Leader Pro,40,5Cr-20Cr,Power Seller,93,138,13,80,0,91,7,Mobile Site,4.48,93,83,Low,17,1,35,0,Regional,Machinery,Juice Machine|Lathe Machine|Mixer Machine
64000604,Dua-Kohli,Ahmedabad,Gujarat,Partnership,2,Trustseal Pro,14,5Cr-20Cr,Power Seller,96,328,33,23,2,90,6,Mobile Site,3.41,81,92,Low,21,3,5,1,National,Electronics,Fiber Optic Cable|HDMI Cable|Adapters
64000605,Konda Group,Bengaluru,Karnataka,Proprietorship,8,IM Leader Pro,40,1.5Cr-5Cr,New Seller,62,302,39,88,15,59,29,App,4.39,70,56,Medium,59,21,33,1,Regional,Machinery,Mixer Machine|Lathe Machine|Juice Machine
64000606,Batra PLC,Surat,Gujarat,LLP,12,Free,0,40L-1.5Cr,Premium Stable Seller,86,176,72,11,1,80,6,Desktop,4.86,79,94,Low,22,2,45,7,Export,Packaging,Labels|Plastic Pouch|Corrugated Box
64000607,"Edwin, Viswanathan and Krishnan",Noida,Uttar Pradesh,Partnership,1,Mini Dynamic Catalog (Monthly),7,10L-40L,Lazy Seller,57,50,37,44,6,37,115,App,3.85,22,24,High,7,20,3,3,Regional,Chemicals,Industrial Solvents|Paint Chemical|Cleaning Chemical
64000608,Borde-Brahmbhatt,Jaipur,Rajasthan,Proprietorship,11,Mini Dynamic Catalog (Monthly),7,40L-1.5Cr,Lazy Seller,59,485,79,53,5,22,109,Desktop,3.78,34,26,High,5,13,40,6,National,Machinery,Packaging Machine|Juice Machine|Lathe Machine
64000609,"Dani, Luthra and Chaudhari",Delhi,Delhi,Partnership,9,IM Star Pro,30,40L-1.5Cr,Lazy Seller,69,103,50,64,23,47,113,Desktop,3.68,33,33,High,13,12,44,4,Regional,Chemicals,Industrial Solvents|Cleaning Chemical|Paint Chemical
64000610,Kapoor Group,Ahmedabad,Gujarat,Private Limited,6,IM IL,70,1.5Cr-5Cr,Premium Stable Seller,79,148,79,6,0,97,7,App,4.64,86,86,Low,36,2,29,7,Regional,Agriculture,Fertilizers|Drip Irrigation|Pesticides
64000611,Chaudhuri and Sons,Noida,Uttar Pradesh,Partnership,8,IM Leader Pro,40,5Cr-20Cr,Power Seller,97,479,80,75,20,91,8,Desktop,3.64,81,84,Low,18,0,18,4,National,Packaging,Labels|Plastic Pouch|Shipping Box
64000612,"Shere, Sankaran and Raju",Mumbai,Maharashtra,Proprietorship,11,Trustseal Pro,14,1.5Cr-5Cr,Churning Seller,77,114,66,60,7,33,54,Desktop,4.14,27,40,High,6,23,15,0,Export,Electronics,Adapters|Fiber Optic Cable|CCTV Camera
64000613,Shankar Inc,Ludhiana,Punjab,Private Limited,1,IM Leader Pro,40,10L-40L,New Seller,72,75,11,69,28,67,12,Desktop,3.55,59,52,Medium,46,8,37,5,Export,Electronics,CCTV Camera|Fiber Optic Cable|Adapters
64000614,Sami Group,Jaipur,Rajasthan,Partnership,11,IM Star Pro,30,10L-40L,Lazy Seller,49,191,54,52,15,21,81,Desktop,3.83,29,40,High,16,14,19,2,Export,Packaging,Labels|Plastic Pouch|Shipping Box
64000615,Bawa PLC,Delhi,Delhi,Partnership,10,IM Leader Pro,40,40L-1.5Cr,Churning Seller,66,36,21,53,5,62,69,Mobile Site,4.06,33,32,High,23,7,37,8,Export,Chemicals,Cleaning Chemical|Industrial Solvents|Paint Chemical
64000616,Baral and Sons,Jaipur,Rajasthan,Partnership,14,Mini Dynamic Catalog (Monthly),7,40L-1.5Cr,Premium Stable Seller,93,119,75,23,3,94,11,App,3.59,89,88,Low,23,2,21,1,Export,Garments,Corporate Wear|Kids Wear|Uniforms
64000617,Kurian-Saran,Ahmedabad,Gujarat,LLP,12,IM Leader Pro,40,5Cr-20Cr,Lazy Seller,45,354,63,82,14,42,111,Desktop,4.17,26,17,High,16,19,9,8,Regional,Furniture,Office Chair|Modular Desk|Sofa
64000618,"Chaudhuri, Bhandari and Mammen",Jaipur,Rajasthan,Proprietorship,10,Free,0,40L-1.5Cr,Free Active Seller,79,235,66,9,9,75,10,Desktop,4.69,73,70,Medium,88,20,1,2,Regional,Leather,Card Holder|Laptop Sleeve|Organizer Bag
64000619,Goel-Balakrishnan,Jaipur,Rajasthan,Private Limited,13,Free,0,5Cr-20Cr,Premium Stable Seller,81,105,11,9,8,82,3,App,3.42,88,78,Low,37,3,45,8,Regional,Packaging,Corrugated Box|Shipping Box|Plastic Pouch
64000620,"Sani, Rajagopalan and Swamy",Ludhiana,Punjab,Partnership,6,Free,0,5Cr-20Cr,Free Active Seller,88,398,47,19,13,84,14,Mobile Site,4.62,73,69,Medium,77,25,19,7,Export,Chemicals,Paint Chemical|Industrial Solvents|Cleaning Chemical
64000621,"Das, Sangha and Sandal",Mumbai,Maharashtra,Proprietorship,12,Mini Dynamic Catalog (Annual),10,40L-1.5Cr,Premium Stable Seller,82,352,60,29,5,78,12,Mobile Site,4.43,93,89,Low,36,3,18,1,Regional,Packaging,Corrugated Box|Labels|Plastic Pouch
64000622,"Virk, Dara and Seth",Ludhiana,Punjab,LLP,6,IM IL,70,1.5Cr-5Cr,Power Seller,91,41,28,60,33,95,8,Desktop,3.79,90,87,Low,14,2,11,1,National,Packaging,Corrugated Box|Plastic Pouch|Shipping Box
64000623,"Soni, Dey and Trivedi",Ludhiana,Punjab,LLP,8,Trustseal Pro,14,40L-1.5Cr,Churning Seller,59,92,14,18,8,46,38,Desktop,4.22,34,41,High,13,21,3,8,Export,Leather,Card Holder|Wallet|Passport Holder
64000624,Master-Lanka,Ahmedabad,Gujarat,Partnership,8,IM Leader Pro,40,5Cr-20Cr,Power Seller,88,84,60,42,7,94,11,App,4.04,93,96,Low,26,0,6,2,National,Furniture,Sofa|Wooden Table|Modular Desk
64000625,Kapadia-Balan,Gurugram,Haryana,Private Limited,13,Maximiser Pro,21,10L-40L,Power Seller,84,252,67,14,11,95,4,App,3.37,96,92,Low,18,2,34,5,Regional,Leather,Passport Holder|Wallet|Card Holder
64000626,Sridhar LLC,Bengaluru,Karnataka,Partnership,11,Mini Dynamic Catalog (Monthly),7,5Cr-20Cr,New Seller,62,364,27,21,7,49,34,Desktop,4.45,67,75,Medium,42,9,19,2,Regional,Furniture,Modular Desk|Wooden Table|Sofa
64000627,Bhatnagar-Deo,Gurugram,Haryana,Proprietorship,1,Mini Dynamic Catalog (Annual),10,5Cr-20Cr,Lazy Seller,71,39,55,49,4,55,118,Mobile Site,4.19,16,37,High,10,24,41,5,National,Electronics,Fiber Optic Cable|Adapters|CCTV Camera
64000628,Sahota Group,Bengaluru,Karnataka,Proprietorship,15,Free,0,10L-40L,Free Active Seller,77,220,78,16,15,74,15,Desktop,3.39,85,83,Medium,95,14,19,6,National,Agriculture,Fertilizers|Drip Irrigation|Seeds
64000629,"Suri, Raja and Soni",Surat,Gujarat,Proprietorship,11,Mini Dynamic Catalog (Annual),10,5Cr-20Cr,Lazy Seller,51,376,52,50,2,49,80,App,4.22,31,18,High,16,29,44,3,Regional,Leather,Organizer Bag|Passport Holder|Wallet
64000630,Mand-Suresh,Ludhiana,Punjab,Private Limited,9,IM IL,70,5Cr-20Cr,Churning Seller,51,230,52,108,56,65,66,App,4.75,36,41,High,15,18,18,7,Export,Chemicals,Paint Chemical|Cleaning Chemical|Industrial Solvents
64000631,Arya-Sampath,Ahmedabad,Gujarat,Private Limited,11,IM Star Pro,30,10L-40L,Power Seller,96,125,16,47,4,98,5,App,3.35,98,87,Low,27,0,22,5,Export,Agriculture,Pesticides|Fertilizers|Seeds
64000632,Khurana-Sagar,Gurugram,Haryana,Partnership,9,IM Leader Pro,40,40L-1.5Cr,Churning Seller,67,168,22,52,21,42,45,Mobile Site,4.45,54,32,High,12,18,1,0,Regional,Furniture,Sofa|Modular Desk|Office Chair
64000633,Banerjee-Tiwari,Bengaluru,Karnataka,Partnership,9,Free,0,10L-40L,Lazy Seller,42,343,33,6,2,30,76,App,4.31,19,15,High,12,28,9,4,Regional,Agriculture,Pesticides|Seeds|Fertilizers
64000634,"Ganesan, Goswami and Bala",Gurugram,Haryana,Partnership,9,IM IL,70,1.5Cr-5Cr,New Seller,55,68,77,106,50,45,44,App,3.92,59,74,Medium,39,11,2,4,National,Chemicals,Cleaning Chemical|Paint Chemical|Industrial Solvents
64000635,Sem and Sons,Noida,Uttar Pradesh,Proprietorship,2,Free,0,1.5Cr-5Cr,Free Active Seller,90,67,30,18,8,83,12,Mobile Site,4.11,82,77,Medium,88,20,16,6,Regional,Chemicals,Cleaning Chemical|Paint Chemical|Industrial Solvents
64000636,Shukla-Cherian,Noida,Uttar Pradesh,LLP,6,Mini Dynamic Catalog (Annual),10,1.5Cr-5Cr,Premium Stable Seller,92,138,59,28,7,85,12,App,3.44,75,90,Low,39,0,41,1,Regional,Chemicals,Industrial Solvents|Paint Chemical|Cleaning Chemical
64000637,Dutt Ltd,Bengaluru,Karnataka,Proprietorship,4,Maximiser Pro,21,5Cr-20Cr,Lazy Seller,45,287,74,34,1,29,91,App,3.9,29,41,High,20,29,22,2,Regional,Garments,Kids Wear|Uniforms|Hoodies
64000638,Rao-Khalsa,Surat,Gujarat,LLP,14,IM Star Pro,30,10L-40L,Power Seller,88,140,43,64,22,100,10,Desktop,3.92,95,92,Low,30,3,5,6,Regional,Furniture,Office Chair|Wooden Table|Sofa
64000639,Vig-Ravel,Delhi,Delhi,Proprietorship,9,Mini Dynamic Catalog (Annual),10,5Cr-20Cr,New Seller,60,473,56,36,2,51,38,Desktop,4.47,67,48,Medium,36,25,36,6,National,Leather,Organizer Bag|Wallet|Card Holder
64000640,Chand-Khalsa,Delhi,Delhi,Private Limited,2,IM Star Pro,30,40L-1.5Cr,Lazy Seller,57,308,23,23,9,53,81,Mobile Site,4.82,29,43,High,16,21,24,8,Export,Leather,Card Holder|Laptop Sleeve|Passport Holder
64000641,"Karan, Iyengar and Toor",Ludhiana,Punjab,LLP,8,IM Leader Pro,40,5Cr-20Cr,Churning Seller,73,25,42,58,11,38,46,Desktop,4.89,53,42,High,20,9,1,4,Export,Agriculture,Drip Irrigation|Pesticides|Fertilizers
64000642,Gill Inc,Ahmedabad,Gujarat,Proprietorship,12,Free,0,40L-1.5Cr,Power Seller,92,199,73,12,5,88,2,App,3.68,94,87,Low,12,0,28,4,National,Packaging,Corrugated Box|Labels|Shipping Box
64000643,Dube-Amble,Chennai,Tamil Nadu,LLP,15,Free,0,40L-1.5Cr,Free Active Seller,87,323,21,8,3,82,15,App,4.16,91,74,Medium,77,13,9,8,Export,Electronics,HDMI Cable|Fiber Optic Cable|CCTV Camera
64000644,"Kara, Cheema and Shah",Jaipur,Rajasthan,Private Limited,10,IM Star Pro,30,5Cr-20Cr,Premium Stable Seller,93,66,80,23,4,84,5,Desktop,3.75,75,85,Low,21,1,4,2,Export,Garments,Hoodies|Kids Wear|Uniforms
64000645,Chaudry Inc,Noida,Uttar Pradesh,LLP,11,IM Leader Pro,40,1.5Cr-5Cr,Lazy Seller,59,213,51,65,22,52,55,Mobile Site,3.33,17,32,High,17,14,39,3,Regional,Packaging,Corrugated Box|Shipping Box|Plastic Pouch
64000646,Swamy Group,Ludhiana,Punjab,Proprietorship,14,Free,0,5Cr-20Cr,Lazy Seller,71,353,46,10,0,36,55,Mobile Site,3.79,27,43,High,18,16,28,3,Export,Furniture,Wooden Table|Sofa|Office Chair
64000647,Chauhan PLC,Bengaluru,Karnataka,Proprietorship,7,Free,0,1.5Cr-5Cr,Free Active Seller,75,289,26,5,4,88,5,Desktop,4.75,76,82,Medium,86,14,17,8,Regional,Agriculture,Pesticides|Fertilizers|Drip Irrigation
64000648,Sarma-Garde,Chennai,Tamil Nadu,Private Limited,1,IM Star Pro,30,5Cr-20Cr,New Seller,75,149,37,12,9,60,35,Mobile Site,4.27,41,67,Medium,57,5,32,2,National,Leather,Organizer Bag|Passport Holder|Wallet
64000649,Dhillon and Sons,Bengaluru,Karnataka,Partnership,1,Free,0,10L-40L,Free Active Seller,70,110,18,7,6,84,16,App,4.28,74,90,Medium,98,8,4,5,Regional,Electronics,Fiber Optic Cable|Wireless CCTV|CCTV Camera
64000650,"Rattan, Ratti and Vaidya",Bengaluru,Karnataka,Private Limited,14,Mini Dynamic Catalog (Monthly),7,40L-1.5Cr,Churning Seller,60,360,53,31,0,50,46,Mobile Site,3.45,43,36,High,5,7,18,1,Regional,Electronics,HDMI Cable|Fiber Optic Cable|Adapters
64000651,Rattan Inc,Noida,Uttar Pradesh,Partnership,5,Maximiser Pro,21,5Cr-20Cr,Premium Stable Seller,94,160,73,49,3,91,5,Mobile Site,4.62,95,78,Low,24,2,6,7,Regional,Chemicals,Cleaning Chemical|Industrial Solvents|Paint Chemical
64000652,Bains LLC,Gurugram,Haryana,Partnership,3,Mini Dynamic Catalog (Annual),10,10L-40L,New Seller,60,25,29,45,5,55,11,Mobile Site,4.8,64,50,Medium,60,19,20,3,Export,Chemicals,Cleaning Chemical|Industrial Solvents|Paint Chemical
64000653,"Tailor, Garde and Rao",Mumbai,Maharashtra,Private Limited,1,IM Star Pro,30,40L-1.5Cr,Lazy Seller,51,135,26,39,28,37,57,App,3.64,28,25,High,18,11,29,4,Regional,Agriculture,Pesticides|Seeds|Fertilizers
64000654,Chauhan-Sachdev,Noida,Uttar Pradesh,Private Limited,10,Free,0,5Cr-20Cr,Free Active Seller,81,371,23,6,6,89,15,Desktop,4.11,86,82,Medium,95,23,14,6,National,Garments,T-Shirts|Hoodies|Uniforms
64000655,Dhawan-Borra,Ludhiana,Punjab,Proprietorship,6,IM Star Pro,30,40L-1.5Cr,New Seller,57,153,6,19,16,61,23,App,3.44,48,51,Medium,49,26,38,5,National,Electronics,HDMI Cable|Adapters|Fiber Optic Cable
64000656,Sridhar-Mangal,Chennai,Tamil Nadu,LLP,11,Mini Dynamic Catalog (Monthly),7,40L-1.5Cr,Premium Stable Seller,88,235,62,26,5,81,13,App,3.72,86,78,Low,20,0,30,8,Regional,Leather,Laptop Sleeve|Wallet|Card Holder
64000657,Sarkar-Dey,Delhi,Delhi,LLP,13,Free,0,1.5Cr-5Cr,Premium Stable Seller,91,211,78,15,15,90,10,Desktop,4.85,82,86,Low,38,3,15,8,Regional,Packaging,Shipping Box|Corrugated Box|Labels
64000658,Choudhary and Sons,Jaipur,Rajasthan,LLP,13,Free,0,40L-1.5Cr,Free Active Seller,88,105,40,24,6,77,14,Desktop,4.33,70,73,Medium,91,23,4,1,National,Leather,Wallet|Card Holder|Laptop Sleeve
64000659,Lanka PLC,Mumbai,Maharashtra,Private Limited,8,Trustseal Pro,14,40L-1.5Cr,Lazy Seller,69,174,41,10,2,20,58,App,3.35,16,43,High,10,12,16,2,Export,Garments,Hoodies|Uniforms|Kids Wear
64000660,Sridhar and Sons,Bengaluru,Karnataka,Private Limited,1,Trustseal Pro,14,5Cr-20Cr,Lazy Seller,62,377,29,63,7,26,100,App,4.4,27,36,High,17,26,7,6,Regional,Packaging,Shipping Box|Corrugated Box|Plastic Pouch
64000661,Lalla PLC,Surat,Gujarat,Proprietorship,7,Free,0,10L-40L,Free Active Seller,79,293,11,16,15,91,15,Desktop,4.71,83,87,Medium,87,26,12,3,National,Machinery,Lathe Machine|Mixer Machine|Packaging Machine
64000662,Manne LLC,Surat,Gujarat,Private Limited,9,IM IL,70,5Cr-20Cr,Power Seller,84,128,40,60,5,92,4,Mobile Site,3.51,95,88,Low,11,2,10,4,National,Electronics,Adapters|HDMI Cable|Wireless CCTV
64000663,Thaker-Lanka,Jaipur,Rajasthan,LLP,1,Free,0,10L-40L,Free Active Seller,83,447,15,19,2,70,7,Mobile Site,4.67,82,89,Medium,91,16,1,2,National,Chemicals,Industrial Solvents|Cleaning Chemical|Paint Chemical
64000664,Bains-Yohannan,Mumbai,Maharashtra,LLP,11,Mini Dynamic Catalog (Monthly),7,5Cr-20Cr,Lazy Seller,71,237,35,52,1,45,94,Mobile Site,3.83,34,16,High,14,24,31,5,Export,Furniture,Modular Desk|Sofa|Wooden Table
64000665,"Sridhar, Bhatnagar and Dada",Surat,Gujarat,Partnership,13,IM IL,70,5Cr-20Cr,Churning Seller,67,498,77,38,12,54,35,App,3.28,29,20,High,15,21,19,0,Regional,Packaging,Shipping Box|Plastic Pouch|Corrugated Box
64000666,Sankaran and Sons,Noida,Uttar Pradesh,LLP,6,IM Leader Pro,40,10L-40L,Power Seller,90,156,24,42,22,98,7,App,3.75,89,82,Low,27,3,41,0,Export,Chemicals,Cleaning Chemical|Paint Chemical|Industrial Solvents
64000667,"Jaggi, Shetty and Bhakta",Gurugram,Haryana,Private Limited,12,IM IL,70,1.5Cr-5Cr,Power Seller,89,392,20,86,63,90,3,App,4.85,97,85,Low,14,3,45,3,Export,Furniture,Office Chair|Sofa|Modular Desk
64000668,Dixit-Garg,Bengaluru,Karnataka,LLP,1,IM Leader Pro,40,5Cr-20Cr,Power Seller,93,391,12,48,40,86,4,App,3.24,83,94,Low,26,2,17,1,National,Chemicals,Industrial Solvents|Paint Chemical|Cleaning Chemical
64000669,"Sachdev, Chander and Bandi",Gurugram,Haryana,Proprietorship,10,Free,0,5Cr-20Cr,Free Active Seller,79,429,8,16,15,84,13,App,4.47,87,75,Medium,97,11,12,4,Export,Electronics,HDMI Cable|Fiber Optic Cable|Wireless CCTV
64000670,Kari-Bhagat,Delhi,Delhi,LLP,15,IM Star Pro,30,1.5Cr-5Cr,Churning Seller,58,356,18,40,8,30,77,Desktop,3.58,33,20,High,18,19,2,5,Regional,Leather,Laptop Sleeve|Card Holder|Wallet
64000671,Badal Inc,Gurugram,Haryana,Private Limited,12,Free,0,1.5Cr-5Cr,New Seller,73,496,73,5,2,58,31,App,4.6,57,57,Medium,50,15,10,7,Export,Leather,Laptop Sleeve|Card Holder|Wallet
64000672,"Kohli, Korpal and Chhabra",Noida,Uttar Pradesh,Proprietorship,9,Trustseal Pro,14,1.5Cr-5Cr,New Seller,76,456,75,10,10,57,26,Desktop,3.55,52,46,Medium,56,20,34,5,National,Leather,Card Holder|Wallet|Organizer Bag
64000673,Amble-Rajagopal,Ludhiana,Punjab,Private Limited,8,Free,0,5Cr-20Cr,New Seller,55,240,55,5,2,49,20,Desktop,3.84,59,56,Medium,53,22,35,2,National,Leather,Card Holder|Organizer Bag|Passport Holder
64000674,Wali and Sons,Chennai,Tamil Nadu,Partnership,2,Maximiser Pro,21,40L-1.5Cr,Lazy Seller,53,412,53,57,11,27,113,App,4.73,19,20,High,10,29,18,5,National,Leather,Organizer Bag|Card Holder|Laptop Sleeve
64000675,Dewan and Sons,Gurugram,Haryana,Private Limited,9,IM IL,70,1.5Cr-5Cr,Premium Stable Seller,85,100,24,56,18,90,10,App,4.32,89,87,Low,29,0,44,1,National,Garments,Corporate Wear|T-Shirts|Uniforms
64000676,Thakkar-Tak,Chennai,Tamil Nadu,LLP,7,Maximiser Pro,21,40L-1.5Cr,Lazy Seller,41,326,75,57,0,34,57,Desktop,4.17,29,34,High,7,15,31,1,National,Leather,Wallet|Card Holder|Organizer Bag
64000677,Lanka-Chhabra,Delhi,Delhi,LLP,9,Maximiser Pro,21,10L-40L,Premium Stable Seller,83,499,27,46,4,92,8,Desktop,3.55,82,83,Low,30,2,30,7,Regional,Agriculture,Drip Irrigation|Pesticides|Fertilizers
64000678,Thakkar and Sons,Chennai,Tamil Nadu,LLP,4,Free,0,5Cr-20Cr,Churning Seller,66,389,10,5,5,37,67,Mobile Site,4.89,30,27,High,19,6,25,1,National,Packaging,Shipping Box|Labels|Corrugated Box
64000679,Sehgal-Kala,Ludhiana,Punjab,Partnership,12,Mini Dynamic Catalog (Monthly),7,5Cr-20Cr,Premium Stable Seller,92,223,7,28,6,93,14,Desktop,3.38,76,87,Low,40,3,17,1,Export,Electronics,Adapters|CCTV Camera|Wireless CCTV
64000680,Guha Ltd,Mumbai,Maharashtra,Private Limited,7,IM Leader Pro,40,5Cr-20Cr,New Seller,59,155,14,47,4,74,25,Desktop,4.49,65,60,Medium,41,19,22,4,Export,Furniture,Office Chair|Wooden Table|Modular Desk
64000681,"Mangat, Kapoor and Goswami",Noida,Uttar Pradesh,Private Limited,13,IM Star Pro,30,1.5Cr-5Cr,Lazy Seller,57,33,30,52,18,22,57,App,4.81,14,31,High,14,16,11,4,National,Furniture,Wooden Table|Modular Desk|Sofa
64000682,Kulkarni-Karpe,Noida,Uttar Pradesh,Private Limited,3,Trustseal Pro,14,1.5Cr-5Cr,New Seller,59,346,31,6,6,64,28,Desktop,4.19,67,57,Medium,43,11,17,5,Export,Electronics,Adapters|CCTV Camera|HDMI Cable
64000683,Bakshi and Sons,Bengaluru,Karnataka,LLP,8,Trustseal Pro,14,40L-1.5Cr,Premium Stable Seller,89,287,49,29,13,98,5,Mobile Site,4.02,93,94,Low,25,3,31,6,Regional,Chemicals,Paint Chemical|Industrial Solvents|Cleaning Chemical
64000684,Hora-Madan,Gurugram,Haryana,Private Limited,4,Free,0,5Cr-20Cr,Free Active Seller,76,424,17,25,6,72,7,App,4.17,78,87,Medium,98,16,41,0,Export,Machinery,Mixer Machine|Packaging Machine|Lathe Machine
64000685,Kurian-Dani,Bengaluru,Karnataka,Proprietorship,12,IM Leader Pro,40,10L-40L,Churning Seller,71,279,10,39,35,32,76,Desktop,3.96,26,50,High,15,22,34,3,Regional,Furniture,Office Chair|Wooden Table|Sofa
64000686,Seshadri-Amble,Ludhiana,Punjab,Proprietorship,12,Maximiser Pro,21,40L-1.5Cr,New Seller,62,156,72,40,2,67,39,Mobile Site,4.61,45,46,Medium,54,28,5,2,Export,Chemicals,Industrial Solvents|Cleaning Chemical|Paint Chemical
64000687,Kale Group,Ludhiana,Punjab,Partnership,4,Maximiser Pro,21,5Cr-20Cr,Churning Seller,68,183,11,30,15,60,84,Desktop,4.01,26,37,High,6,8,7,8,Export,Machinery,Juice Machine|Lathe Machine|Mixer Machine
64000688,"Mani, Kakar and Boase",Ahmedabad,Gujarat,LLP,5,Mini Dynamic Catalog (Monthly),7,1.5Cr-5Cr,Premium Stable Seller,91,432,80,53,7,81,14,App,4.22,89,84,Low,33,0,32,2,National,Packaging,Labels|Plastic Pouch|Corrugated Box
64000689,Gokhale and Sons,Bengaluru,Karnataka,LLP,9,Free,0,5Cr-20Cr,Free Active Seller,90,160,73,21,9,74,9,Desktop,4.86,87,75,Medium,85,25,12,7,Regional,Machinery,Juice Machine|Packaging Machine|Mixer Machine
64000690,Bahl Ltd,Surat,Gujarat,LLP,8,Trustseal Pro,14,10L-40L,Churning Seller,52,195,70,57,2,57,63,Desktop,3.56,26,49,High,19,11,33,4,National,Furniture,Wooden Table|Modular Desk|Sofa
64000691,Konda-Hayer,Bengaluru,Karnataka,LLP,2,IM Star Pro,30,40L-1.5Cr,New Seller,74,412,52,26,5,51,19,App,4.83,50,50,Medium,41,24,31,6,Export,Furniture,Sofa|Modular Desk|Office Chair
64000692,Dara PLC,Ludhiana,Punjab,Proprietorship,15,Free,0,1.5Cr-5Cr,Free Active Seller,85,176,44,16,10,92,18,App,4.16,79,79,Medium,79,19,27,0,National,Leather,Card Holder|Passport Holder|Wallet
64000693,"Walla, Devi and Saxena",Delhi,Delhi,LLP,6,Trustseal Pro,14,1.5Cr-5Cr,New Seller,69,123,28,47,11,69,27,App,3.24,40,71,Medium,57,13,28,6,National,Leather,Wallet|Laptop Sleeve|Passport Holder
64000694,Vala-Dutt,Bengaluru,Karnataka,Proprietorship,13,Free,0,5Cr-20Cr,Churning Seller,77,186,63,23,15,47,38,Mobile Site,4.83,24,27,High,10,6,32,3,National,Chemicals,Industrial Solvents|Cleaning Chemical|Paint Chemical
64000695,"Bawa, Raju and Sahni",Chennai,Tamil Nadu,LLP,1,Mini Dynamic Catalog (Monthly),7,5Cr-20Cr,Power Seller,92,76,62,13,1,93,10,Desktop,4.69,91,96,Low,19,2,38,4,Export,Leather,Laptop Sleeve|Organizer Bag|Card Holder
64000696,Sarin and Sons,Ahmedabad,Gujarat,Partnership,8,IM Leader Pro,40,1.5Cr-5Cr,Churning Seller,68,373,4,22,2,64,58,App,4.74,55,36,High,14,30,29,3,Regional,Packaging,Shipping Box|Labels|Corrugated Box
64000697,Arya-Mani,Surat,Gujarat,LLP,4,IM Leader Pro,40,5Cr-20Cr,Lazy Seller,61,91,17,87,26,32,73,App,4.56,18,34,High,5,18,34,0,Export,Electronics,Wireless CCTV|Fiber Optic Cable|Adapters
64000698,Ram-Bhargava,Surat,Gujarat,Partnership,10,Mini Dynamic Catalog (Monthly),7,10L-40L,Lazy Seller,72,344,10,52,1,40,108,Mobile Site,4.53,25,24,High,15,23,35,2,Export,Chemicals,Cleaning Chemical|Paint Chemical|Industrial Solvents
64000699,Saini Ltd,Gurugram,Haryana,LLP,10,Maximiser Pro,21,1.5Cr-5Cr,New Seller,79,251,21,47,2,47,37,App,4.1,66,53,Medium,49,10,45,6,Regional,Garments,T-Shirts|Kids Wear|Corporate Wear
64000700,Lall Ltd,Jaipur,Rajasthan,Private Limited,1,IM IL,70,40L-1.5Cr,Premium Stable Seller,78,152,30,79,41,78,6,Mobile Site,4.77,85,91,Low,19,3,37,2,Regional,Chemicals,Industrial Solvents|Cleaning Chemical|Paint Chemical
64000701,Vig-Dash,Mumbai,Maharashtra,Proprietorship,5,Mini Dynamic Catalog (Annual),10,40L-1.5Cr,Churning Seller,50,55,43,60,5,64,30,Desktop,3.71,28,37,High,16,12,28,4,Regional,Packaging,Labels|Shipping Box|Plastic Pouch
64000702,Ahuja-Mallick,Ahmedabad,Gujarat,Private Limited,1,Free,0,40L-1.5Cr,Churning Seller,53,214,8,19,14,54,28,Desktop,4.51,48,47,High,11,17,38,1,Regional,Chemicals,Cleaning Chemical|Paint Chemical|Industrial Solvents
64000703,Shukla-Chada,Mumbai,Maharashtra,Partnership,3,Mini Dynamic Catalog (Annual),10,10L-40L,Churning Seller,65,66,66,28,7,52,65,App,3.23,46,26,High,11,13,25,6,National,Agriculture,Pesticides|Drip Irrigation|Seeds
64000704,"Mall, Grewal and Majumdar",Gurugram,Haryana,Private Limited,6,Free,0,10L-40L,Free Active Seller,72,379,12,25,12,78,18,App,4.44,90,77,Medium,82,20,21,0,Regional,Garments,T-Shirts|Kids Wear|Hoodies
64000705,"Bir, Anand and Johal",Ahmedabad,Gujarat,Proprietorship,10,Trustseal Pro,14,1.5Cr-5Cr,Power Seller,86,430,28,60,11,89,9,Mobile Site,3.91,81,83,Low,29,2,11,6,Regional,Electronics,HDMI Cable|Wireless CCTV|Adapters
64000706,Roy-Choudhry,Mumbai,Maharashtra,Proprietorship,12,Trustseal Pro,14,1.5Cr-5Cr,New Seller,66,274,28,24,6,73,17,App,4.26,65,50,Medium,35,25,2,0,National,Garments,Kids Wear|Uniforms|Corporate Wear
64000707,"Sodhi, Kamdar and Hans",Delhi,Delhi,LLP,1,Trustseal Pro,14,10L-40L,New Seller,68,389,69,15,2,46,44,App,4.73,52,69,Medium,54,8,6,6,Regional,Leather,Organizer Bag|Wallet|Card Holder
64000708,Kanda Group,Gurugram,Haryana,LLP,8,Free,0,10L-40L,Lazy Seller,48,85,43,22,11,20,79,App,4.04,25,30,High,13,24,37,3,Regional,Electronics,Fiber Optic Cable|Adapters|CCTV Camera
64000709,"Gill, Sami and Butala",Ahmedabad,Gujarat,Proprietorship,13,Maximiser Pro,21,1.5Cr-5Cr,Churning Seller,71,73,33,33,8,35,37,App,4.41,45,29,High,24,10,30,8,Export,Chemicals,Paint Chemical|Industrial Solvents|Cleaning Chemical
64000710,Basak and Sons,Chennai,Tamil Nadu,Private Limited,13,IM Leader Pro,40,40L-1.5Cr,Churning Seller,63,343,8,30,5,53,43,Mobile Site,3.26,22,43,High,17,5,16,2,National,Packaging,Plastic Pouch|Shipping Box|Corrugated Box
64000711,Ahuja-Chaudry,Surat,Gujarat,Partnership,10,Free,0,5Cr-20Cr,Lazy Seller,62,251,29,19,8,32,120,Desktop,4.47,37,41,High,17,22,42,8,National,Packaging,Corrugated Box|Plastic Pouch|Shipping Box
64000712,"Sachdeva, Tara and Devan",Surat,Gujarat,Proprietorship,5,Free,0,1.5Cr-5Cr,Free Active Seller,85,362,45,21,8,89,13,App,4.29,84,89,Medium,78,7,35,2,Regional,Garments,Uniforms|Kids Wear|T-Shirts
64000713,Bassi-Rama,Ahmedabad,Gujarat,LLP,14,Mini Dynamic Catalog (Annual),10,5Cr-20Cr,Power Seller,91,303,12,60,8,89,7,Mobile Site,3.53,89,96,Low,23,1,44,3,Regional,Leather,Laptop Sleeve|Wallet|Organizer Bag
64000714,Edwin-Karnik,Ahmedabad,Gujarat,Private Limited,9,Trustseal Pro,14,10L-40L,Premium Stable Seller,94,137,69,15,5,94,3,Mobile Site,3.48,92,89,Low,32,1,41,3,Export,Agriculture,Seeds|Drip Irrigation|Fertilizers
64000715,"Tella, Zachariah and Dhingra",Mumbai,Maharashtra,LLP,14,IM Star Pro,30,1.5Cr-5Cr,Churning Seller,51,235,62,64,10,55,62,Desktop,3.33,44,48,High,21,9,36,4,Regional,Electronics,Wireless CCTV|HDMI Cable|Adapters
64000716,"Kuruvilla, Ganesh and Rajan",Chennai,Tamil Nadu,Partnership,1,Trustseal Pro,14,40L-1.5Cr,Lazy Seller,49,220,22,46,6,50,60,Desktop,4.62,34,40,High,12,17,5,3,National,Electronics,HDMI Cable|Wireless CCTV|CCTV Camera
64000717,"Ramakrishnan, Tata and Kohli",Mumbai,Maharashtra,LLP,2,Trustseal Pro,14,1.5Cr-5Cr,New Seller,61,187,3,45,1,59,19,Mobile Site,3.37,61,53,Medium,59,21,41,7,Regional,Electronics,CCTV Camera|Fiber Optic Cable|HDMI Cable
64000718,Banik Inc,Noida,Uttar Pradesh,Private Limited,14,Free,0,40L-1.5Cr,Power Seller,86,449,34,8,7,87,7,Mobile Site,4.38,88,83,Low,22,3,32,4,Regional,Furniture,Wooden Table|Modular Desk|Office Chair
64000719,Devi PLC,Bengaluru,Karnataka,Partnership,2,IM Leader Pro,40,1.5Cr-5Cr,New Seller,62,241,55,12,10,72,41,Mobile Site,4.45,66,67,Medium,65,8,17,8,National,Leather,Passport Holder|Laptop Sleeve|Organizer Bag
64000720,"Singh, Ratta and Rau",Jaipur,Rajasthan,Private Limited,6,Mini Dynamic Catalog (Monthly),7,5Cr-20Cr,Power Seller,85,322,57,47,4,100,5,Mobile Site,4.23,98,97,Low,17,0,37,6,Export,Leather,Card Holder|Organizer Bag|Laptop Sleeve
64000721,Tiwari Group,Bengaluru,Karnataka,LLP,1,Mini Dynamic Catalog (Annual),10,1.5Cr-5Cr,Premium Stable Seller,81,317,79,31,6,96,4,Mobile Site,4.54,78,85,Low,26,0,30,8,Regional,Machinery,Juice Machine|Mixer Machine|Lathe Machine
64000722,"Rana, Bir and Walla",Jaipur,Rajasthan,LLP,11,Maximiser Pro,21,1.5Cr-5Cr,Power Seller,87,491,54,8,7,85,12,Mobile Site,3.78,90,85,Low,19,2,16,4,National,Machinery,Packaging Machine|Mixer Machine|Lathe Machine
64000723,Subramaniam-Barman,Delhi,Delhi,Private Limited,8,IM Star Pro,30,1.5Cr-5Cr,New Seller,79,462,72,46,23,70,20,Desktop,4.64,46,62,Medium,59,17,6,5,National,Electronics,Adapters|Wireless CCTV|HDMI Cable
64000724,Talwar Group,Chennai,Tamil Nadu,Proprietorship,6,Free,0,5Cr-20Cr,Free Active Seller,73,338,65,25,5,88,6,Desktop,3.65,90,80,Medium,85,29,32,5,National,Packaging,Plastic Pouch|Corrugated Box|Shipping Box
64000725,Gour-Grewal,Noida,Uttar Pradesh,Private Limited,13,Trustseal Pro,14,1.5Cr-5Cr,Churning Seller,60,485,66,49,10,31,39,Mobile Site,4.12,32,38,High,14,22,26,1,Regional,Furniture,Office Chair|Modular Desk|Wooden Table
64000726,Kakar Inc,Gurugram,Haryana,Partnership,12,IM IL,70,10L-40L,Premium Stable Seller,86,223,19,54,6,82,14,App,4.9,85,95,Low,26,2,29,0,Regional,Garments,Corporate Wear|Uniforms|Hoodies
64000727,Saha-Sheth,Bengaluru,Karnataka,Proprietorship,11,Free,0,10L-40L,Free Active Seller,70,468,30,19,6,80,8,App,3.61,92,75,Medium,82,9,2,7,National,Machinery,Mixer Machine|Juice Machine|Packaging Machine
64000728,"Bora, Chandra and Yohannan",Jaipur,Rajasthan,Proprietorship,7,IM IL,70,1.5Cr-5Cr,Churning Seller,70,240,49,51,15,54,58,Desktop,4.83,43,45,High,13,15,9,5,Export,Machinery,Mixer Machine|Juice Machine|Packaging Machine
64000729,Grover PLC,Ahmedabad,Gujarat,Proprietorship,2,Free,0,10L-40L,Premium Stable Seller,88,198,72,12,7,81,15,App,4.25,94,85,Low,38,2,32,6,Regional,Machinery,Mixer Machine|Lathe Machine|Packaging Machine
64000730,Balay-Mall,Mumbai,Maharashtra,Partnership,9,Mini Dynamic Catalog (Monthly),7,10L-40L,Lazy Seller,62,53,37,41,4,50,58,Mobile Site,4.22,12,36,High,16,28,28,2,National,Garments,Corporate Wear|Hoodies|T-Shirts
64000731,Batta-Acharya,Ahmedabad,Gujarat,LLP,5,IM Star Pro,30,10L-40L,Premium Stable Seller,88,412,71,80,10,85,12,Mobile Site,4.48,91,91,Low,19,0,38,1,Regional,Packaging,Shipping Box|Labels|Corrugated Box
64000732,Ramakrishnan LLC,Chennai,Tamil Nadu,Partnership,9,Trustseal Pro,14,10L-40L,Lazy Seller,52,447,25,6,5,35,116,App,3.35,34,39,High,10,20,26,6,National,Agriculture,Seeds|Drip Irrigation|Pesticides
64000733,Char-Gour,Jaipur,Rajasthan,LLP,3,Free,0,1.5Cr-5Cr,Free Active Seller,75,240,34,20,2,68,9,App,3.54,81,73,Medium,97,10,23,1,National,Garments,Corporate Wear|Uniforms|T-Shirts
64000734,"Kota, Kothari and Yohannan",Noida,Uttar Pradesh,Partnership,9,Free,0,10L-40L,Free Active Seller,70,211,14,10,0,84,5,Desktop,3.76,87,69,Medium,96,21,20,0,Export,Garments,Kids Wear|Corporate Wear|Hoodies
64000735,Shah Inc,Chennai,Tamil Nadu,Private Limited,14,Trustseal Pro,14,5Cr-20Cr,Power Seller,88,69,21,43,5,100,4,Mobile Site,4.64,97,88,Low,21,1,12,8,Regional,Packaging,Shipping Box|Plastic Pouch|Labels
64000736,Gill LLC,Noida,Uttar Pradesh,Partnership,10,Mini Dynamic Catalog (Annual),10,40L-1.5Cr,Power Seller,91,285,23,11,7,94,3,Mobile Site,4.76,91,87,Low,28,1,30,8,National,Electronics,Adapters|HDMI Cable|Wireless CCTV
64000737,"Chokshi, Gill and Bhardwaj",Noida,Uttar Pradesh,Partnership,11,Mini Dynamic Catalog (Annual),10,5Cr-20Cr,Premium Stable Seller,88,116,53,7,5,85,8,Mobile Site,4.4,79,85,Low,30,0,38,1,Export,Electronics,Fiber Optic Cable|CCTV Camera|Adapters
64000738,Biswas Inc,Gurugram,Haryana,Private Limited,15,IM IL,70,5Cr-20Cr,Premium Stable Seller,84,121,39,85,54,87,8,App,3.34,79,92,Low,39,3,2,7,Regional,Machinery,Juice Machine|Lathe Machine|Mixer Machine
64000739,Garg-Bhatti,Surat,Gujarat,LLP,10,IM Star Pro,30,40L-1.5Cr,Lazy Seller,71,116,13,44,28,38,47,Mobile Site,3.73,26,41,High,6,23,4,8,Regional,Packaging,Corrugated Box|Labels|Plastic Pouch
64000740,"Lall, Sibal and Agarwal",Delhi,Delhi,Private Limited,7,IM Leader Pro,40,5Cr-20Cr,Churning Seller,67,280,49,10,3,33,80,Desktop,4.72,52,36,High,10,8,21,1,Export,Machinery,Packaging Machine|Mixer Machine|Lathe Machine
64000741,Bhatt-Sathe,Ahmedabad,Gujarat,LLP,4,Mini Dynamic Catalog (Monthly),7,5Cr-20Cr,Premium Stable Seller,79,483,32,47,5,90,6,Desktop,3.83,78,87,Low,15,1,26,0,Regional,Packaging,Corrugated Box|Labels|Shipping Box
64000742,Saini LLC,Mumbai,Maharashtra,Proprietorship,10,IM Star Pro,30,5Cr-20Cr,New Seller,68,354,36,57,22,66,29,App,3.84,46,75,Medium,63,5,13,7,National,Furniture,Wooden Table|Office Chair|Sofa
64000743,Dhawan-Golla,Chennai,Tamil Nadu,Partnership,11,IM IL,70,40L-1.5Cr,New Seller,56,134,11,86,14,67,38,App,3.31,44,66,Medium,57,8,35,5,Regional,Leather,Passport Holder|Wallet|Card Holder
64000744,Kibe-Dayal,Ludhiana,Punjab,LLP,5,IM Star Pro,30,40L-1.5Cr,Premium Stable Seller,87,441,27,16,15,96,7,Mobile Site,4.89,78,81,Low,27,1,31,7,Regional,Chemicals,Paint Chemical|Cleaning Chemical|Industrial Solvents
64000745,Bhatti and Sons,Gurugram,Haryana,Proprietorship,1,Trustseal Pro,14,10L-40L,Lazy Seller,45,244,20,33,9,24,70,Mobile Site,4.79,23,34,High,16,29,13,3,Export,Chemicals,Industrial Solvents|Cleaning Chemical|Paint Chemical
64000746,Sarraf-Butala,Surat,Gujarat,Partnership,10,Trustseal Pro,14,1.5Cr-5Cr,Power Seller,92,481,9,30,6,93,4,Mobile Site,3.31,91,96,Low,16,1,12,3,National,Garments,Corporate Wear|Kids Wear|Uniforms
64000747,Dua-Buch,Noida,Uttar Pradesh,Partnership,14,Mini Dynamic Catalog (Annual),10,10L-40L,Lazy Seller,55,300,42,8,1,53,76,App,4.08,27,20,High,9,26,2,2,Export,Electronics,Fiber Optic Cable|CCTV Camera|HDMI Cable
64000748,"Mani, Khalsa and Chahal",Surat,Gujarat,Private Limited,1,Mini Dynamic Catalog (Annual),10,40L-1.5Cr,Churning Seller,71,49,51,54,9,44,25,Mobile Site,3.26,44,20,High,23,8,35,1,Regional,Agriculture,Pesticides|Seeds|Fertilizers
64000749,Tiwari Group,Noida,Uttar Pradesh,LLP,5,IM IL,70,40L-1.5Cr,New Seller,69,148,46,86,58,74,25,App,4.11,61,60,Medium,54,20,24,3,Regional,Leather,Organizer Bag|Wallet|Card Holder
64000750,"Agrawal, Toor and Sridhar",Ludhiana,Punjab,Proprietorship,7,Free,0,40L-1.5Cr,Free Active Seller,75,93,7,19,13,76,16,App,3.41,70,81,Medium,84,27,41,5,Regional,Electronics,Adapters|CCTV Camera|Wireless CCTV
64000751,"Barad, Borra and Ramaswamy",Jaipur,Rajasthan,LLP,15,Free,0,40L-1.5Cr,Lazy Seller,68,186,53,9,8,48,89,Desktop,4.41,24,26,High,15,11,37,3,Export,Garments,T-Shirts|Hoodies|Kids Wear
64000752,"Cheema, Goyal and Dutt",Chennai,Tamil Nadu,Private Limited,15,IM IL,70,5Cr-20Cr,Lazy Seller,63,75,71,88,57,39,67,Desktop,3.54,22,19,High,20,14,22,8,Regional,Garments,Kids Wear|Corporate Wear|Uniforms
64000753,Jha-Comar,Jaipur,Rajasthan,LLP,3,Mini Dynamic Catalog (Monthly),7,5Cr-20Cr,Lazy Seller,53,401,74,54,2,44,112,Mobile Site,4.53,31,20,High,13,25,13,2,National,Leather,Wallet|Passport Holder|Organizer Bag
64000754,"Chawla, Joshi and Seth",Surat,Gujarat,LLP,4,Trustseal Pro,14,10L-40L,New Seller,79,410,80,38,11,74,41,Mobile Site,3.37,50,64,Medium,64,25,5,1,Regional,Packaging,Labels|Shipping Box|Corrugated Box
64000755,Shankar Ltd,Delhi,Delhi,Partnership,6,IM Leader Pro,40,1.5Cr-5Cr,Power Seller,93,205,42,79,28,91,4,Mobile Site,3.5,86,91,Low,12,3,20,1,Export,Packaging,Plastic Pouch|Labels|Corrugated Box
64000756,"Barad, Jhaveri and Karnik",Mumbai,Maharashtra,Proprietorship,3,Mini Dynamic Catalog (Annual),10,40L-1.5Cr,Lazy Seller,66,378,37,49,3,30,111,App,3.37,27,35,High,20,8,3,2,National,Chemicals,Industrial Solvents|Paint Chemical|Cleaning Chemical
64000757,"Kade, Bora and Babu",Noida,Uttar Pradesh,LLP,8,Mini Dynamic Catalog (Monthly),7,1.5Cr-5Cr,Churning Seller,68,271,74,27,5,53,81,Desktop,3.5,31,34,High,5,7,40,4,Export,Machinery,Packaging Machine|Juice Machine|Mixer Machine
64000758,Gour-Kamdar,Jaipur,Rajasthan,Proprietorship,2,Maximiser Pro,21,5Cr-20Cr,New Seller,75,422,12,50,19,55,28,Desktop,4.26,62,70,Medium,65,30,38,6,Regional,Agriculture,Pesticides|Fertilizers|Drip Irrigation
64000759,"Sen, Golla and Madan",Surat,Gujarat,Private Limited,4,IM Star Pro,30,5Cr-20Cr,Premium Stable Seller,94,352,32,44,8,78,10,App,3.27,85,83,Low,16,3,43,7,Export,Electronics,Adapters|Wireless CCTV|CCTV Camera
64000760,Venkatesh-Aurora,Gurugram,Haryana,Private Limited,9,Trustseal Pro,14,1.5Cr-5Cr,Power Seller,82,214,51,7,4,85,6,App,4.57,92,88,Low,25,3,28,6,Export,Chemicals,Industrial Solvents|Cleaning Chemical|Paint Chemical
64000761,"Chakrabarti, Guha and Chopra",Surat,Gujarat,Proprietorship,6,IM Star Pro,30,10L-40L,New Seller,72,487,59,15,10,51,41,Desktop,4.58,49,53,Medium,37,21,7,3,Regional,Machinery,Mixer Machine|Juice Machine|Lathe Machine
64000762,"Tak, Bhattacharyya and Bali",Mumbai,Maharashtra,Private Limited,2,Maximiser Pro,21,5Cr-20Cr,Churning Seller,74,397,45,14,2,35,34,Mobile Site,4.68,20,43,High,5,23,43,1,Export,Machinery,Juice Machine|Packaging Machine|Lathe Machine
64000763,Savant PLC,Gurugram,Haryana,Partnership,12,Maximiser Pro,21,10L-40L,Churning Seller,73,21,57,34,6,35,48,App,3.74,25,42,High,7,6,34,3,National,Packaging,Corrugated Box|Shipping Box|Labels
64000764,"Bhasin, Madan and Raval",Ahmedabad,Gujarat,LLP,10,Trustseal Pro,14,40L-1.5Cr,New Seller,70,23,12,16,3,54,13,Mobile Site,4.18,54,50,Medium,51,13,13,1,Export,Garments,Corporate Wear|T-Shirts|Hoodies
64000765,Desai-Chaudhry,Gurugram,Haryana,Proprietorship,3,Free,0,5Cr-20Cr,Free Active Seller,77,327,54,21,9,70,11,App,4.6,90,86,Medium,84,11,16,8,Regional,Packaging,Plastic Pouch|Corrugated Box|Shipping Box
64000766,Bora-Konda,Ludhiana,Punjab,Private Limited,13,Mini Dynamic Catalog (Annual),10,5Cr-20Cr,Churning Seller,51,337,57,10,10,34,88,Desktop,4.86,42,48,High,6,29,44,1,National,Machinery,Mixer Machine|Juice Machine|Packaging Machine
64000767,Bala-Vora,Chennai,Tamil Nadu,Private Limited,12,Mini Dynamic Catalog (Annual),10,5Cr-20Cr,New Seller,73,435,63,28,7,53,30,App,4.13,54,56,Medium,58,14,13,3,Export,Leather,Organizer Bag|Passport Holder|Card Holder
64000768,Balasubramanian Ltd,Mumbai,Maharashtra,Partnership,12,Free,0,5Cr-20Cr,Free Active Seller,83,464,61,19,4,79,12,App,4.81,80,80,Medium,89,9,9,5,National,Machinery,Mixer Machine|Lathe Machine|Juice Machine
64000769,"Dara, Brahmbhatt and Jani",Mumbai,Maharashtra,LLP,6,IM IL,70,1.5Cr-5Cr,Power Seller,87,28,52,65,19,89,11,Desktop,3.24,85,88,Low,13,2,26,2,National,Agriculture,Seeds|Pesticides|Drip Irrigation
64000770,Sama Ltd,Bengaluru,Karnataka,Private Limited,4,Free,0,1.5Cr-5Cr,Churning Seller,69,269,9,16,3,61,80,Mobile Site,4.01,47,50,High,10,7,19,2,Regional,Leather,Card Holder|Passport Holder|Organizer Bag
64000771,"Khosla, Sarkar and Uppal",Bengaluru,Karnataka,LLP,13,IM IL,70,40L-1.5Cr,Churning Seller,65,179,56,83,15,30,64,Mobile Site,3.68,30,30,High,25,24,24,2,National,Garments,Kids Wear|Uniforms|T-Shirts
64000772,Krishnamurthy and Sons,Chennai,Tamil Nadu,LLP,2,Free,0,1.5Cr-5Cr,Power Seller,93,139,42,25,15,98,5,Mobile Site,4.55,86,92,Low,32,2,45,3,Regional,Furniture,Sofa|Wooden Table|Modular Desk
64000773,Koshy Ltd,Surat,Gujarat,Proprietorship,12,Maximiser Pro,21,10L-40L,Premium Stable Seller,85,281,14,54,4,93,12,Mobile Site,4.03,90,78,Low,25,2,39,4,Regional,Chemicals,Cleaning Chemical|Paint Chemical|Industrial Solvents
64000774,"Kapur, Bajwa and Virk",Noida,Uttar Pradesh,LLP,13,IM Star Pro,30,5Cr-20Cr,Churning Seller,72,134,2,46,11,39,71,Mobile Site,3.45,23,35,High,12,24,18,5,National,Machinery,Packaging Machine|Mixer Machine|Lathe Machine
64000775,Chada-Vig,Surat,Gujarat,Proprietorship,14,Maximiser Pro,21,5Cr-20Cr,New Seller,74,396,26,69,9,64,17,App,4.39,49,68,Medium,36,12,1,4,National,Electronics,HDMI Cable|CCTV Camera|Wireless CCTV
64000776,Barman Group,Ahmedabad,Gujarat,Proprietorship,5,Mini Dynamic Catalog (Monthly),7,1.5Cr-5Cr,Power Seller,95,340,50,40,2,87,7,Desktop,4.79,94,86,Low,24,3,30,4,Regional,Agriculture,Drip Irrigation|Fertilizers|Pesticides
64000777,"Gopal, Grewal and Mani",Chennai,Tamil Nadu,LLP,5,Trustseal Pro,14,5Cr-20Cr,Churning Seller,60,302,63,28,2,31,40,Mobile Site,3.24,23,47,High,15,15,28,5,National,Electronics,Adapters|Fiber Optic Cable|CCTV Camera
64000778,"Deshmukh, Khatri and Ahuja",Mumbai,Maharashtra,Private Limited,10,IM Star Pro,30,40L-1.5Cr,Power Seller,92,52,10,22,4,86,10,Mobile Site,3.6,81,86,Low,25,0,24,5,National,Agriculture,Pesticides|Fertilizers|Drip Irrigation
64000779,Trivedi-Varty,Gurugram,Haryana,LLP,6,Free,0,40L-1.5Cr,Power Seller,94,99,72,7,3,86,10,Desktop,4.5,93,94,Low,32,3,17,3,Regional,Electronics,CCTV Camera|HDMI Cable|Fiber Optic Cable
64000780,Ben-Saxena,Delhi,Delhi,Partnership,1,Maximiser Pro,21,5Cr-20Cr,New Seller,70,98,19,69,10,46,12,Mobile Site,4.34,47,69,Medium,42,15,2,8,National,Furniture,Office Chair|Modular Desk|Wooden Table
64000781,Balakrishnan Inc,Noida,Uttar Pradesh,Partnership,11,IM IL,70,1.5Cr-5Cr,New Seller,72,126,31,79,62,47,12,Mobile Site,3.34,46,63,Medium,36,5,24,8,Regional,Leather,Passport Holder|Wallet|Card Holder
64000782,"Madan, Kannan and Sangha",Jaipur,Rajasthan,Proprietorship,3,Mini Dynamic Catalog (Monthly),7,40L-1.5Cr,Premium Stable Seller,87,101,27,53,4,86,11,App,4.73,86,94,Low,27,2,26,1,Export,Packaging,Corrugated Box|Plastic Pouch|Labels
64000783,Venkatesh-Tata,Ludhiana,Punjab,LLP,1,IM IL,70,1.5Cr-5Cr,Lazy Seller,53,400,28,30,24,31,54,Mobile Site,4.35,11,27,High,8,23,38,4,National,Furniture,Wooden Table|Office Chair|Modular Desk
64000784,Swaminathan-Sankaran,Noida,Uttar Pradesh,Partnership,11,Maximiser Pro,21,40L-1.5Cr,New Seller,73,178,3,32,5,73,26,App,4.81,46,61,Medium,35,15,25,5,National,Agriculture,Fertilizers|Seeds|Drip Irrigation
64000785,Sachdeva Inc,Jaipur,Rajasthan,Proprietorship,15,Free,0,1.5Cr-5Cr,Lazy Seller,58,456,5,24,1,35,49,Desktop,3.72,29,18,High,5,5,25,2,Regional,Electronics,HDMI Cable|CCTV Camera|Wireless CCTV
64000786,"Gala, Kothari and Dave",Delhi,Delhi,Private Limited,4,Maximiser Pro,21,1.5Cr-5Cr,New Seller,68,354,4,43,1,68,33,Desktop,3.65,42,53,Medium,48,8,14,1,Export,Garments,Uniforms|Hoodies|T-Shirts
64000787,Bawa-Soni,Delhi,Delhi,LLP,3,Mini Dynamic Catalog (Annual),10,40L-1.5Cr,Power Seller,84,31,74,35,1,92,9,Desktop,3.88,98,90,Low,18,1,25,0,Regional,Packaging,Plastic Pouch|Shipping Box|Corrugated Box
64000788,Chakraborty Group,Noida,Uttar Pradesh,LLP,14,IM IL,70,5Cr-20Cr,Lazy Seller,51,414,37,95,36,20,113,Desktop,4.56,38,16,High,7,28,2,4,Regional,Furniture,Office Chair|Modular Desk|Sofa
64000789,Mannan-Dutt,Ahmedabad,Gujarat,LLP,13,Mini Dynamic Catalog (Monthly),7,40L-1.5Cr,Power Seller,95,65,78,28,7,100,5,App,4.32,81,91,Low,21,3,24,8,Export,Machinery,Mixer Machine|Packaging Machine|Lathe Machine
64000790,Krishnan-Chandra,Mumbai,Maharashtra,Private Limited,12,IM Leader Pro,40,5Cr-20Cr,New Seller,68,412,39,23,21,50,35,Mobile Site,4.12,51,59,Medium,46,29,24,6,Regional,Chemicals,Industrial Solvents|Paint Chemical|Cleaning Chemical
64000791,Sant-Aggarwal,Chennai,Tamil Nadu,Private Limited,15,IM Leader Pro,40,40L-1.5Cr,Churning Seller,61,475,7,48,32,59,82,Mobile Site,3.78,54,47,High,10,25,41,2,Export,Garments,Uniforms|Kids Wear|Corporate Wear
64000792,Bhat and Sons,Mumbai,Maharashtra,Proprietorship,14,IM IL,70,10L-40L,New Seller,57,298,7,71,13,71,36,App,4.79,68,48,Medium,51,23,43,2,Export,Packaging,Shipping Box|Corrugated Box|Labels
64000793,"Bath, Chad and Swaminathan",Ahmedabad,Gujarat,Private Limited,8,IM Leader Pro,40,40L-1.5Cr,Power Seller,93,199,54,18,7,97,10,Mobile Site,4.72,92,89,Low,28,3,13,0,Export,Packaging,Labels|Shipping Box|Corrugated Box
64000794,Kurian-Dada,Gurugram,Haryana,LLP,3,IM Star Pro,30,40L-1.5Cr,Power Seller,89,32,4,8,4,97,6,Desktop,4.61,86,85,Low,16,0,44,1,Regional,Leather,Organizer Bag|Laptop Sleeve|Wallet
64000795,Sahni-Bath,Ludhiana,Punjab,LLP,2,IM Leader Pro,40,5Cr-20Cr,Lazy Seller,65,211,28,43,27,20,116,Mobile Site,4.25,19,25,High,17,24,3,7,Regional,Leather,Passport Holder|Wallet|Organizer Bag
64000796,Gole-Sibal,Noida,Uttar Pradesh,Private Limited,6,IM Star Pro,30,10L-40L,Power Seller,97,320,46,67,0,97,10,App,4.49,83,95,Low,32,3,6,7,National,Furniture,Modular Desk|Wooden Table|Sofa
64000797,Bhatt-Khosla,Bengaluru,Karnataka,Partnership,2,Mini Dynamic Catalog (Annual),10,5Cr-20Cr,Churning Seller,64,37,43,24,8,54,68,Desktop,4.24,35,39,High,20,29,7,0,Export,Garments,T-Shirts|Corporate Wear|Uniforms
64000798,Sarraf Group,Mumbai,Maharashtra,Partnership,15,Free,0,10L-40L,Premium Stable Seller,80,309,51,22,1,94,5,Mobile Site,4.08,89,86,Low,37,2,12,7,National,Leather,Card Holder|Wallet|Organizer Bag
64000799,"Loyal, Char and Sarna",Mumbai,Maharashtra,Partnership,5,IM Leader Pro,40,40L-1.5Cr,Premium Stable Seller,91,266,64,36,0,81,13,App,3.27,79,80,Low,21,3,12,3,National,Machinery,Packaging Machine|Juice Machine|Lathe Machine
64000800,Sawhney-Chacko,Chennai,Tamil Nadu,LLP,4,Free,0,5Cr-20Cr,New Seller,80,87,79,23,0,67,17,App,4.55,43,50,Medium,39,19,28,0,Export,Agriculture,Drip Irrigation|Fertilizers|Pesticides
64000801,Samra-Wagle,Bengaluru,Karnataka,Private Limited,11,Mini Dynamic Catalog (Annual),10,1.5Cr-5Cr,Premium Stable Seller,91,379,56,9,1,93,3,Mobile Site,3.81,83,91,Low,32,0,26,8,Regional,Packaging,Plastic Pouch|Corrugated Box|Shipping Box
64000802,"Venkataraman, Tara and Mann",Mumbai,Maharashtra,Partnership,1,Mini Dynamic Catalog (Annual),10,40L-1.5Cr,Churning Seller,68,211,73,21,7,41,50,Mobile Site,3.9,48,41,High,22,7,36,0,Regional,Chemicals,Paint Chemical|Industrial Solvents|Cleaning Chemical
64000803,Rana PLC,Ahmedabad,Gujarat,Proprietorship,5,IM IL,70,10L-40L,Churning Seller,50,77,69,90,34,53,32,App,4.7,52,45,High,5,23,9,5,Regional,Furniture,Office Chair|Wooden Table|Sofa
64000804,Srivastava-Andra,Noida,Uttar Pradesh,Proprietorship,4,Free,0,40L-1.5Cr,New Seller,70,303,71,7,2,60,23,Mobile Site,3.45,43,50,Medium,47,26,5,7,Export,Machinery,Juice Machine|Packaging Machine|Lathe Machine
64000805,Agate-Jayaraman,Gurugram,Haryana,Proprietorship,4,IM IL,70,5Cr-20Cr,New Seller,75,50,57,10,5,56,24,Desktop,3.53,66,53,Medium,48,29,24,6,National,Machinery,Lathe Machine|Mixer Machine|Packaging Machine
64000806,Dani Inc,Chennai,Tamil Nadu,Proprietorship,12,Free,0,10L-40L,Churning Seller,69,286,38,20,2,62,77,App,3.31,30,27,High,24,18,6,2,Export,Machinery,Mixer Machine|Juice Machine|Packaging Machine
64000807,Rattan-Wable,Delhi,Delhi,Private Limited,5,IM Star Pro,30,5Cr-20Cr,Lazy Seller,69,490,41,65,16,41,78,Mobile Site,4.2,36,32,High,15,20,36,2,National,Leather,Wallet|Organizer Bag|Card Holder
64000808,Kibe-Krishnamurthy,Surat,Gujarat,Partnership,12,IM Leader Pro,40,1.5Cr-5Cr,Lazy Seller,44,467,38,81,32,36,120,App,4.74,18,44,High,13,12,37,3,National,Chemicals,Paint Chemical|Industrial Solvents|Cleaning Chemical
64000809,"Lad, Dara and Randhawa",Ludhiana,Punjab,Proprietorship,14,Free,0,1.5Cr-5Cr,Free Active Seller,86,237,26,24,4,86,11,Desktop,4.37,78,76,Medium,94,30,24,8,Export,Leather,Laptop Sleeve|Wallet|Card Holder
64000810,Dora-Ghosh,Surat,Gujarat,Proprietorship,13,Trustseal Pro,14,5Cr-20Cr,Lazy Seller,47,113,65,28,3,38,71,Mobile Site,3.66,16,34,High,15,17,37,7,Export,Furniture,Wooden Table|Modular Desk|Office Chair
64000811,"Sarkar, Andra and Sarkar",Surat,Gujarat,Proprietorship,5,Mini Dynamic Catalog (Annual),10,5Cr-20Cr,Premium Stable Seller,86,54,26,56,4,81,9,Mobile Site,4.19,92,90,Low,15,3,18,8,Export,Electronics,CCTV Camera|HDMI Cable|Fiber Optic Cable
64000812,Talwar and Sons,Jaipur,Rajasthan,Proprietorship,5,IM IL,70,10L-40L,Power Seller,97,81,19,28,3,88,9,Desktop,4.64,93,94,Low,20,2,18,1,Export,Machinery,Packaging Machine|Lathe Machine|Juice Machine
64000813,Madan-Dash,Bengaluru,Karnataka,Private Limited,3,IM IL,70,5Cr-20Cr,Power Seller,88,77,45,84,35,86,12,Desktop,3.59,98,83,Low,10,2,40,4,Export,Garments,Corporate Wear|Uniforms|T-Shirts
64000814,Lad-Kakar,Surat,Gujarat,Proprietorship,3,IM Leader Pro,40,10L-40L,Power Seller,89,66,75,83,17,90,8,Desktop,3.62,86,82,Low,15,3,27,3,Regional,Chemicals,Paint Chemical|Industrial Solvents|Cleaning Chemical
64000815,Mandal PLC,Noida,Uttar Pradesh,Proprietorship,15,Maximiser Pro,21,40L-1.5Cr,Churning Seller,58,242,76,54,14,36,25,Desktop,4.64,35,41,High,14,11,27,7,National,Garments,T-Shirts|Uniforms|Corporate Wear
64000816,"Raval, Buch and Kant",Mumbai,Maharashtra,LLP,14,IM IL,70,1.5Cr-5Cr,Premium Stable Seller,78,271,57,106,67,95,15,Desktop,4.05,83,84,Low,36,2,40,6,National,Leather,Passport Holder|Organizer Bag|Laptop Sleeve
64000817,Keer-Edwin,Chennai,Tamil Nadu,Proprietorship,6,Mini Dynamic Catalog (Annual),10,1.5Cr-5Cr,Churning Seller,69,180,47,30,4,54,46,Desktop,3.85,45,26,High,11,12,31,0,Export,Chemicals,Paint Chemical|Cleaning Chemical|Industrial Solvents
64000818,Barad Group,Chennai,Tamil Nadu,Proprietorship,11,Mini Dynamic Catalog (Annual),10,5Cr-20Cr,New Seller,69,204,50,6,3,67,11,App,3.35,52,63,Medium,46,18,17,5,Regional,Chemicals,Cleaning Chemical|Paint Chemical|Industrial Solvents
64000819,Chandran-Goyal,Ludhiana,Punjab,Private Limited,15,Free,0,5Cr-20Cr,Free Active Seller,85,284,78,21,6,70,7,App,3.28,77,86,Medium,95,6,15,1,Export,Leather,Card Holder|Laptop Sleeve|Organizer Bag
64000820,Virk-Chaudhry,Mumbai,Maharashtra,Partnership,10,Mini Dynamic Catalog (Monthly),7,40L-1.5Cr,New Seller,63,96,39,14,6,47,43,Desktop,3.9,69,53,Medium,49,13,11,8,Regional,Chemicals,Industrial Solvents|Cleaning Chemical|Paint Chemical
64000821,Dewan LLC,Ahmedabad,Gujarat,Partnership,10,Trustseal Pro,14,10L-40L,Power Seller,91,433,27,43,11,100,8,Desktop,3.66,85,89,Low,10,0,12,8,Regional,Leather,Card Holder|Organizer Bag|Laptop Sleeve
64000822,Saran and Sons,Noida,Uttar Pradesh,Private Limited,12,Trustseal Pro,14,10L-40L,Churning Seller,67,412,36,37,13,41,56,App,3.43,20,30,High,10,5,4,7,Regional,Furniture,Wooden Table|Office Chair|Sofa
64000823,"Krishna, Datta and Contractor",Mumbai,Maharashtra,Proprietorship,14,IM Leader Pro,40,10L-40L,Premium Stable Seller,86,76,33,25,20,92,6,App,3.43,89,83,Low,37,0,19,7,Export,Packaging,Corrugated Box|Shipping Box|Labels
64000824,"Thaker, Kuruvilla and Dash",Noida,Uttar Pradesh,LLP,9,IM IL,70,5Cr-20Cr,Premium Stable Seller,94,330,75,96,51,92,13,Desktop,4.06,91,89,Low,40,2,32,2,Regional,Machinery,Packaging Machine|Juice Machine|Mixer Machine
64000825,Srinivas LLC,Ahmedabad,Gujarat,Partnership,10,Free,0,40L-1.5Cr,Free Active Seller,79,173,49,5,2,68,14,Desktop,3.57,83,80,Medium,87,20,41,2,National,Chemicals,Paint Chemical|Industrial Solvents|Cleaning Chemical
64000826,Rout-Shenoy,Chennai,Tamil Nadu,Proprietorship,11,Free,0,5Cr-20Cr,Free Active Seller,82,149,64,17,14,72,7,App,4.7,70,75,Medium,89,27,30,2,National,Chemicals,Cleaning Chemical|Industrial Solvents|Paint Chemical
64000827,"Chacko, Sant and Chad",Delhi,Delhi,Proprietorship,3,Mini Dynamic Catalog (Annual),10,1.5Cr-5Cr,New Seller,64,217,57,9,9,56,13,Mobile Site,4.14,51,59,Medium,64,14,3,7,Regional,Chemicals,Cleaning Chemical|Industrial Solvents|Paint Chemical
64000828,Sankar-Chanda,Surat,Gujarat,Private Limited,4,Free,0,40L-1.5Cr,Free Active Seller,86,384,73,13,0,70,5,Mobile Site,4.09,73,72,Medium,98,5,2,7,National,Machinery,Juice Machine|Lathe Machine|Packaging Machine
64000829,"Khalsa, Wali and Dasgupta",Surat,Gujarat,LLP,6,IM Leader Pro,40,10L-40L,Premium Stable Seller,87,472,58,67,27,89,3,Desktop,4.79,91,96,Low,18,0,25,5,Export,Chemicals,Cleaning Chemical|Industrial Solvents|Paint Chemical
64000830,Gandhi-Butala,Noida,Uttar Pradesh,Private Limited,3,Maximiser Pro,21,5Cr-20Cr,Churning Seller,52,42,40,6,1,54,60,Mobile Site,3.53,45,27,High,6,11,10,6,Export,Garments,Kids Wear|Hoodies|Corporate Wear
64000831,"Malhotra, Seth and Varty",Chennai,Tamil Nadu,Private Limited,15,Mini Dynamic Catalog (Monthly),7,5Cr-20Cr,Churning Seller,52,422,10,19,7,40,29,Desktop,3.34,36,43,High,20,10,30,5,Export,Packaging,Labels|Shipping Box|Plastic Pouch
64000832,Sama LLC,Surat,Gujarat,LLP,5,IM Leader Pro,40,5Cr-20Cr,Premium Stable Seller,88,162,78,36,14,94,5,App,3.66,93,94,Low,36,0,33,4,National,Packaging,Plastic Pouch|Shipping Box|Labels
64000833,"Gour, Sarin and Mandal",Jaipur,Rajasthan,Partnership,10,Free,0,10L-40L,Free Active Seller,78,452,30,12,7,68,18,Mobile Site,4.12,74,85,Medium,82,9,24,6,Export,Electronics,Wireless CCTV|HDMI Cable|CCTV Camera
64000834,Chaudhary-Kaul,Jaipur,Rajasthan,LLP,10,Free,0,5Cr-20Cr,Free Active Seller,79,495,10,15,1,67,8,App,3.46,75,87,Medium,90,18,31,0,National,Agriculture,Seeds|Drip Irrigation|Fertilizers
64000835,"Sheth, Varughese and Mangal",Surat,Gujarat,Partnership,5,Free,0,40L-1.5Cr,Churning Seller,78,454,32,14,3,61,75,App,3.47,33,32,High,18,24,21,6,Regional,Garments,Corporate Wear|Hoodies|T-Shirts
64000836,Khurana LLC,Gurugram,Haryana,Partnership,2,Mini Dynamic Catalog (Monthly),7,40L-1.5Cr,New Seller,59,498,21,8,0,62,37,Desktop,3.43,55,73,Medium,37,20,24,5,Export,Electronics,Fiber Optic Cable|HDMI Cable|Wireless CCTV
64000837,Dhawan-Gour,Chennai,Tamil Nadu,Partnership,1,IM Star Pro,30,10L-40L,Churning Seller,60,20,26,26,12,36,29,App,4.21,25,21,High,24,20,40,8,Regional,Leather,Passport Holder|Laptop Sleeve|Wallet
64000838,"Ganguly, Ganguly and Chaudhry",Chennai,Tamil Nadu,Private Limited,3,Free,0,1.5Cr-5Cr,Power Seller,90,330,30,14,0,90,12,Mobile Site,3.48,96,85,Low,25,3,31,7,National,Agriculture,Seeds|Fertilizers|Drip Irrigation
64000839,Thakkar-Savant,Bengaluru,Karnataka,Private Limited,5,IM IL,70,40L-1.5Cr,New Seller,68,361,43,31,15,70,25,Mobile Site,3.46,65,72,Medium,44,19,6,0,Export,Packaging,Labels|Corrugated Box|Plastic Pouch
64000840,Mangal-Chaudry,Gurugram,Haryana,Proprietorship,2,Trustseal Pro,14,5Cr-20Cr,Lazy Seller,49,316,32,50,7,24,76,Desktop,4.78,34,25,High,15,18,43,8,Export,Chemicals,Industrial Solvents|Paint Chemical|Cleaning Chemical
64000841,"Chopra, Ranganathan and Chacko",Chennai,Tamil Nadu,Private Limited,15,Maximiser Pro,21,1.5Cr-5Cr,New Seller,70,118,46,13,0,65,12,App,3.52,51,50,Medium,47,6,32,7,Export,Furniture,Sofa|Wooden Table|Office Chair
64000842,Kuruvilla-Gara,Jaipur,Rajasthan,Private Limited,8,IM Leader Pro,40,40L-1.5Cr,Churning Seller,73,148,55,16,15,57,65,Desktop,4.7,31,20,High,10,15,16,8,Export,Electronics,CCTV Camera|Wireless CCTV|Fiber Optic Cable
64000843,"Ratti, Kibe and Sarraf",Noida,Uttar Pradesh,Private Limited,15,Trustseal Pro,14,10L-40L,Churning Seller,63,429,80,28,5,32,26,App,4.51,43,42,High,15,5,33,3,Regional,Agriculture,Fertilizers|Seeds|Drip Irrigation
64000844,Wason and Sons,Mumbai,Maharashtra,Private Limited,11,IM Star Pro,30,10L-40L,New Seller,71,333,27,60,24,57,43,App,4.84,58,64,Medium,64,28,38,8,National,Garments,Kids Wear|T-Shirts|Uniforms
64000845,Kuruvilla Inc,Bengaluru,Karnataka,LLP,1,Free,0,40L-1.5Cr,Free Active Seller,80,262,55,19,7,65,11,App,3.65,88,88,Medium,77,15,42,0,Regional,Agriculture,Fertilizers|Seeds|Pesticides
64000846,Chander and Sons,Chennai,Tamil Nadu,Private Limited,7,Free,0,10L-40L,Free Active Seller,70,142,52,5,3,81,8,App,4.11,71,75,Medium,89,6,35,6,Regional,Machinery,Juice Machine|Lathe Machine|Mixer Machine
64000847,Desai-Wagle,Bengaluru,Karnataka,Private Limited,13,Mini Dynamic Catalog (Monthly),7,40L-1.5Cr,Premium Stable Seller,93,419,16,20,6,96,6,Mobile Site,4.32,92,95,Low,24,2,1,6,Regional,Electronics,Wireless CCTV|CCTV Camera|HDMI Cable
64000848,Saraf Ltd,Surat,Gujarat,Proprietorship,8,Mini Dynamic Catalog (Annual),10,10L-40L,Power Seller,86,102,56,18,2,93,4,App,3.73,89,90,Low,23,2,35,8,Export,Packaging,Shipping Box|Labels|Plastic Pouch
64000849,Raman Ltd,Gurugram,Haryana,Partnership,3,Mini Dynamic Catalog (Monthly),7,5Cr-20Cr,Power Seller,89,251,45,12,7,87,6,Mobile Site,4.24,85,85,Low,34,0,6,5,Regional,Electronics,Adapters|Wireless CCTV|CCTV Camera
64000850,"Tata, Sidhu and Bal",Surat,Gujarat,Proprietorship,7,IM Star Pro,30,40L-1.5Cr,Churning Seller,73,195,22,71,26,31,36,App,4.88,24,25,High,9,27,41,5,Regional,Chemicals,Cleaning Chemical|Paint Chemical|Industrial Solvents
64000851,Sinha and Sons,Surat,Gujarat,LLP,13,Mini Dynamic Catalog (Annual),10,40L-1.5Cr,Lazy Seller,72,416,77,52,1,45,67,Mobile Site,4.79,15,21,High,20,28,32,8,National,Agriculture,Seeds|Fertilizers|Pesticides
64000852,Singh and Sons,Jaipur,Rajasthan,Private Limited,11,Free,0,1.5Cr-5Cr,Free Active Seller,76,312,47,5,5,66,5,App,4.47,84,74,Medium,75,16,1,5,National,Agriculture,Pesticides|Seeds|Fertilizers
64000853,"Solanki, Setty and Chanda",Gurugram,Haryana,Proprietorship,14,Mini Dynamic Catalog (Annual),10,40L-1.5Cr,Power Seller,86,339,6,55,10,100,9,App,4.11,97,92,Low,13,2,28,4,Regional,Garments,Uniforms|T-Shirts|Kids Wear
64000854,Wadhwa and Sons,Gurugram,Haryana,Partnership,5,Trustseal Pro,14,10L-40L,New Seller,77,455,54,9,8,53,34,App,3.72,44,53,Medium,45,16,20,6,Regional,Chemicals,Paint Chemical|Cleaning Chemical|Industrial Solvents
64000855,Tara Ltd,Delhi,Delhi,Private Limited,6,Mini Dynamic Catalog (Annual),10,40L-1.5Cr,Churning Seller,77,155,44,25,1,38,37,Mobile Site,4.56,43,23,High,8,10,15,0,National,Garments,Kids Wear|Hoodies|Corporate Wear
64000856,Sani-Raj,Ludhiana,Punjab,Partnership,13,IM Star Pro,30,10L-40L,New Seller,72,405,7,44,29,66,29,Mobile Site,3.77,43,73,Medium,47,18,4,2,Regional,Agriculture,Fertilizers|Drip Irrigation|Pesticides
64000857,"Wali, Jaggi and Sarkar",Gurugram,Haryana,Partnership,2,Mini Dynamic Catalog (Monthly),7,1.5Cr-5Cr,Lazy Seller,70,101,77,40,3,43,91,Desktop,3.51,27,18,High,13,7,37,1,Export,Electronics,Wireless CCTV|CCTV Camera|Fiber Optic Cable
64000858,Kari Group,Delhi,Delhi,LLP,4,Trustseal Pro,14,40L-1.5Cr,New Seller,60,368,68,61,4,68,42,App,4.13,47,58,Medium,35,23,4,6,Regional,Leather,Passport Holder|Card Holder|Laptop Sleeve
64000859,Rege-Loyal,Chennai,Tamil Nadu,LLP,4,IM Star Pro,30,5Cr-20Cr,Premium Stable Seller,89,167,36,36,19,82,9,App,4.3,93,91,Low,33,0,32,0,Regional,Leather,Wallet|Laptop Sleeve|Passport Holder
64000860,Sachdeva-Kaul,Jaipur,Rajasthan,Proprietorship,12,Free,0,40L-1.5Cr,Free Active Seller,74,363,33,9,0,83,7,Mobile Site,3.28,90,86,Medium,78,12,5,6,Regional,Garments,Kids Wear|T-Shirts|Corporate Wear
64000861,Gulati-Raju,Ahmedabad,Gujarat,Private Limited,2,Mini Dynamic Catalog (Monthly),7,10L-40L,Premium Stable Seller,84,194,28,33,2,81,14,App,3.75,75,91,Low,18,1,27,6,Export,Packaging,Labels|Plastic Pouch|Corrugated Box
64000862,"Suresh, Chakraborty and Kapadia",Bengaluru,Karnataka,Private Limited,8,Maximiser Pro,21,5Cr-20Cr,New Seller,75,465,33,67,15,49,23,Desktop,3.63,52,56,Medium,41,13,28,7,Regional,Furniture,Sofa|Modular Desk|Office Chair
64000863,Tripathi Ltd,Delhi,Delhi,Partnership,12,IM Star Pro,30,10L-40L,Lazy Seller,53,165,37,27,13,46,54,App,4.54,38,24,High,9,29,34,1,Export,Electronics,Wireless CCTV|Adapters|Fiber Optic Cable
64000864,Sama-Garde,Noida,Uttar Pradesh,Private Limited,5,Maximiser Pro,21,5Cr-20Cr,New Seller,69,219,36,25,15,51,27,Desktop,3.23,66,60,Medium,65,12,16,7,National,Chemicals,Cleaning Chemical|Paint Chemical|Industrial Solvents
64000865,Bhardwaj Group,Ahmedabad,Gujarat,Proprietorship,2,Free,0,10L-40L,Free Active Seller,81,461,68,14,11,81,9,Desktop,4.16,92,71,Medium,83,17,7,3,National,Packaging,Corrugated Box|Labels|Shipping Box
64000866,Bala-Raja,Ludhiana,Punjab,Proprietorship,13,Trustseal Pro,14,5Cr-20Cr,New Seller,75,30,43,54,11,60,43,Mobile Site,3.78,40,49,Medium,65,29,31,3,Regional,Leather,Laptop Sleeve|Passport Holder|Card Holder
64000867,"Bandi, Apte and Deol",Gurugram,Haryana,Private Limited,12,IM Star Pro,30,40L-1.5Cr,Lazy Seller,57,69,50,65,19,32,120,App,3.28,22,36,High,16,11,22,5,National,Electronics,Fiber Optic Cable|Adapters|HDMI Cable
64000868,Bhavsar Inc,Ahmedabad,Gujarat,Private Limited,8,IM IL,70,5Cr-20Cr,Churning Seller,67,138,54,115,5,31,34,App,4.11,26,38,High,9,11,5,1,Export,Furniture,Modular Desk|Sofa|Wooden Table
64000869,Sarna Group,Bengaluru,Karnataka,LLP,12,Maximiser Pro,21,5Cr-20Cr,Churning Seller,73,151,3,57,3,43,52,Desktop,3.36,43,23,High,6,13,16,1,Regional,Agriculture,Seeds|Drip Irrigation|Fertilizers
64000870,Lal-Vala,Ludhiana,Punjab,Proprietorship,1,IM Star Pro,30,40L-1.5Cr,Lazy Seller,50,474,44,17,2,20,102,Mobile Site,3.67,36,21,High,18,21,28,5,National,Packaging,Labels|Plastic Pouch|Shipping Box
64000871,Chaudry-Dey,Noida,Uttar Pradesh,Proprietorship,1,Mini Dynamic Catalog (Annual),10,40L-1.5Cr,New Seller,75,108,22,19,0,63,11,Desktop,4.61,61,53,Medium,41,28,13,2,National,Garments,Kids Wear|Corporate Wear|Hoodies
64000872,Ramachandran-Varghese,Noida,Uttar Pradesh,Partnership,11,Maximiser Pro,21,10L-40L,Lazy Seller,48,207,40,60,4,22,55,Desktop,4.01,33,44,High,11,27,1,2,National,Machinery,Packaging Machine|Lathe Machine|Juice Machine
64000873,"Yohannan, Dhillon and Mangal",Delhi,Delhi,Proprietorship,11,Mini Dynamic Catalog (Annual),10,1.5Cr-5Cr,Lazy Seller,45,75,57,19,2,30,67,App,3.47,12,19,High,18,13,39,8,Export,Furniture,Sofa|Office Chair|Wooden Table
64000874,"Sheth, Baral and Badami",Chennai,Tamil Nadu,Proprietorship,8,Trustseal Pro,14,5Cr-20Cr,Lazy Seller,68,494,4,17,6,37,80,Mobile Site,3.99,18,34,High,11,14,6,1,Export,Furniture,Sofa|Wooden Table|Modular Desk
64000875,Bhardwaj-Chad,Mumbai,Maharashtra,Partnership,4,Mini Dynamic Catalog (Annual),10,40L-1.5Cr,New Seller,72,384,19,8,8,60,35,Desktop,3.61,69,65,Medium,53,10,4,8,Export,Electronics,HDMI Cable|Adapters|Wireless CCTV
64000876,"Mannan, Jha and Majumdar",Bengaluru,Karnataka,Partnership,4,Mini Dynamic Catalog (Annual),10,5Cr-20Cr,Premium Stable Seller,88,190,72,13,2,94,11,App,4.65,77,86,Low,23,0,14,2,Regional,Agriculture,Pesticides|Fertilizers|Drip Irrigation
64000877,"Korpal, Jha and Rana",Gurugram,Haryana,Proprietorship,10,Mini Dynamic Catalog (Annual),10,10L-40L,Lazy Seller,67,255,23,48,4,54,50,Desktop,4.5,33,39,High,15,15,2,0,Export,Electronics,HDMI Cable|Wireless CCTV|CCTV Camera
64000878,Lata and Sons,Delhi,Delhi,Partnership,6,Mini Dynamic Catalog (Annual),10,40L-1.5Cr,Churning Seller,52,351,49,8,0,42,86,App,3.73,26,34,High,22,28,44,1,Export,Packaging,Shipping Box|Plastic Pouch|Labels
64000879,Devi LLC,Ludhiana,Punjab,Private Limited,5,Mini Dynamic Catalog (Annual),10,1.5Cr-5Cr,Churning Seller,67,486,11,14,2,39,86,Mobile Site,4.26,38,35,High,21,29,3,5,National,Garments,Hoodies|Uniforms|T-Shirts
64000880,"Chaudhari, Dani and Mandal",Noida,Uttar Pradesh,Partnership,9,Free,0,1.5Cr-5Cr,Lazy Seller,41,473,33,17,11,22,116,Desktop,3.81,11,15,High,13,25,34,4,Export,Furniture,Modular Desk|Office Chair|Sofa
64000881,"Acharya, Bedi and Varma",Mumbai,Maharashtra,LLP,7,Mini Dynamic Catalog (Annual),10,1.5Cr-5Cr,Premium Stable Seller,85,184,49,47,0,91,5,Desktop,4.53,83,94,Low,22,2,25,0,Export,Leather,Wallet|Laptop Sleeve|Passport Holder
64000882,Chokshi PLC,Delhi,Delhi,LLP,1,Maximiser Pro,21,10L-40L,Lazy Seller,55,336,47,7,2,46,117,Desktop,3.66,37,34,High,19,9,4,1,National,Machinery,Packaging Machine|Juice Machine|Mixer Machine
64000883,Swaminathan PLC,Ludhiana,Punjab,Partnership,15,Mini Dynamic Catalog (Monthly),7,40L-1.5Cr,Premium Stable Seller,86,262,65,20,3,98,14,Mobile Site,4.3,83,83,Low,32,3,26,4,Regional,Chemicals,Paint Chemical|Industrial Solvents|Cleaning Chemical
64000884,"Golla, Krishna and Soni",Mumbai,Maharashtra,Partnership,3,IM IL,70,10L-40L,New Seller,74,312,41,57,19,66,28,Desktop,4.7,63,50,Medium,51,10,9,5,Export,Chemicals,Cleaning Chemical|Paint Chemical|Industrial Solvents
64000885,"Lala, Sangha and Varghese",Bengaluru,Karnataka,LLP,4,IM Star Pro,30,1.5Cr-5Cr,Power Seller,90,343,51,25,11,87,9,Desktop,3.52,81,94,Low,19,2,15,5,National,Garments,Uniforms|Corporate Wear|Hoodies
64000886,Dixit-Chacko,Bengaluru,Karnataka,Proprietorship,5,Mini Dynamic Catalog (Monthly),7,40L-1.5Cr,Churning Seller,71,425,37,23,0,35,85,Mobile Site,3.39,44,29,High,18,29,16,8,Export,Agriculture,Fertilizers|Drip Irrigation|Pesticides
64000887,"Grover, Srivastava and Kar",Bengaluru,Karnataka,Proprietorship,14,Free,0,10L-40L,Free Active Seller,80,51,45,6,2,88,7,App,3.61,84,87,Medium,97,26,14,3,National,Chemicals,Industrial Solvents|Cleaning Chemical|Paint Chemical
64000888,"Lad, Loyal and Gulati",Ahmedabad,Gujarat,Private Limited,10,Free,0,5Cr-20Cr,Free Active Seller,73,66,14,24,14,77,16,Mobile Site,4.69,77,72,Medium,78,21,8,8,Regional,Furniture,Office Chair|Wooden Table|Modular Desk
64000889,Bassi LLC,Chennai,Tamil Nadu,Proprietorship,4,Mini Dynamic Catalog (Annual),10,10L-40L,Premium Stable Seller,84,185,30,7,6,93,6,Desktop,4.76,79,90,Low,35,0,40,8,National,Leather,Laptop Sleeve|Wallet|Passport Holder
64000890,Baria-Agrawal,Surat,Gujarat,LLP,2,IM IL,70,5Cr-20Cr,Lazy Seller,40,435,5,80,13,20,63,Desktop,4.13,16,41,High,5,15,39,8,Regional,Machinery,Juice Machine|Mixer Machine|Lathe Machine
64000891,"Bhatia, Kota and Kade",Ahmedabad,Gujarat,LLP,6,Free,0,1.5Cr-5Cr,Lazy Seller,56,489,2,24,6,38,116,Mobile Site,4.55,13,45,High,18,17,9,0,Regional,Garments,T-Shirts|Kids Wear|Hoodies
64000892,"Maharaj, Lanka and Goyal",Ludhiana,Punjab,Partnership,13,IM Star Pro,30,40L-1.5Cr,Power Seller,85,264,45,8,2,94,5,Desktop,4.59,87,94,Low,26,3,11,3,Export,Leather,Laptop Sleeve|Passport Holder|Card Holder
64000893,Dhar Inc,Chennai,Tamil Nadu,Proprietorship,2,Free,0,5Cr-20Cr,Churning Seller,58,150,6,14,2,51,68,Mobile Site,3.27,46,22,High,7,21,24,0,National,Furniture,Sofa|Modular Desk|Wooden Table
64000894,Bera LLC,Ahmedabad,Gujarat,LLP,15,IM IL,70,10L-40L,Lazy Seller,67,402,18,59,49,22,106,Desktop,4.69,32,18,High,8,5,4,8,Regional,Packaging,Shipping Box|Labels|Plastic Pouch
64000895,Baria and Sons,Surat,Gujarat,LLP,7,Mini Dynamic Catalog (Annual),10,1.5Cr-5Cr,Premium Stable Seller,78,401,29,11,2,90,5,App,3.8,89,80,Low,25,1,28,8,Export,Furniture,Wooden Table|Modular Desk|Sofa
64000896,Chanda-Dyal,Mumbai,Maharashtra,LLP,10,Free,0,10L-40L,Power Seller,97,445,35,14,11,98,10,Desktop,3.72,84,88,Low,26,0,36,0,Export,Packaging,Corrugated Box|Shipping Box|Labels
64000897,"Shankar, Aggarwal and Kant",Noida,Uttar Pradesh,Proprietorship,6,Free,0,40L-1.5Cr,Free Active Seller,77,477,69,9,6,80,18,Desktop,4.3,91,85,Medium,98,6,40,1,Regional,Furniture,Sofa|Modular Desk|Office Chair
64000898,Srinivas-Bahl,Gurugram,Haryana,Private Limited,8,Mini Dynamic Catalog (Monthly),7,40L-1.5Cr,New Seller,74,317,10,56,4,71,13,Desktop,4.41,56,56,Medium,53,14,29,4,Export,Agriculture,Seeds|Fertilizers|Pesticides
64000899,Deep-Borah,Mumbai,Maharashtra,LLP,13,IM IL,70,5Cr-20Cr,Premium Stable Seller,90,475,68,42,9,87,11,Mobile Site,4.82,95,92,Low,17,2,16,2,National,Chemicals,Cleaning Chemical|Paint Chemical|Industrial Solvents
64000900,Tailor-Kibe,Chennai,Tamil Nadu,Partnership,5,IM Star Pro,30,5Cr-20Cr,Power Seller,88,433,30,42,24,90,5,App,4.16,83,87,Low,34,1,4,6,Export,Machinery,Juice Machine|Lathe Machine|Packaging Machine
64000901,Vala-Magar,Delhi,Delhi,LLP,3,Mini Dynamic Catalog (Annual),10,40L-1.5Cr,Lazy Seller,69,403,29,24,8,46,43,Mobile Site,4.23,30,29,High,10,28,21,5,Export,Garments,Hoodies|Kids Wear|Corporate Wear
64000902,Hegde-Sachar,Ahmedabad,Gujarat,Proprietorship,11,Mini Dynamic Catalog (Monthly),7,10L-40L,Premium Stable Seller,87,481,74,44,6,78,8,Mobile Site,4.57,88,81,Low,19,2,10,6,Export,Chemicals,Paint Chemical|Industrial Solvents|Cleaning Chemical
64000903,Ramanathan-Banik,Surat,Gujarat,Proprietorship,7,IM Star Pro,30,10L-40L,New Seller,57,196,54,14,14,70,45,Mobile Site,4.02,52,63,Medium,47,11,28,1,Export,Agriculture,Pesticides|Fertilizers|Drip Irrigation
64000904,Dey-D’Alia,Mumbai,Maharashtra,Proprietorship,13,IM Leader Pro,40,10L-40L,Premium Stable Seller,88,297,21,35,19,81,7,Desktop,4.62,81,86,Low,27,2,11,7,Regional,Packaging,Shipping Box|Plastic Pouch|Corrugated Box
64000905,Lala Inc,Delhi,Delhi,Partnership,11,IM IL,70,40L-1.5Cr,Premium Stable Seller,90,218,66,30,2,90,4,Mobile Site,3.77,76,81,Low,39,0,2,0,Regional,Machinery,Lathe Machine|Mixer Machine|Packaging Machine
64000906,"Kata, Gupta and Chadha",Jaipur,Rajasthan,Partnership,10,IM Star Pro,30,40L-1.5Cr,New Seller,57,47,60,57,24,54,14,Mobile Site,4.81,67,68,Medium,45,10,42,6,Export,Agriculture,Pesticides|Drip Irrigation|Fertilizers
64000907,"Garde, Bora and Kant",Mumbai,Maharashtra,Partnership,12,Free,0,40L-1.5Cr,Free Active Seller,77,245,58,24,9,85,9,Desktop,4.41,78,68,Medium,90,17,29,2,Export,Leather,Laptop Sleeve|Wallet|Card Holder
64000908,Karan LLC,Jaipur,Rajasthan,LLP,11,Trustseal Pro,14,40L-1.5Cr,Churning Seller,61,442,62,64,6,31,36,Mobile Site,4.39,51,43,High,25,6,39,1,National,Electronics,Wireless CCTV|HDMI Cable|Fiber Optic Cable
64000909,Gulati-Raju,Delhi,Delhi,LLP,15,IM Star Pro,30,40L-1.5Cr,Premium Stable Seller,80,65,18,45,11,84,6,App,4.76,81,92,Low,22,1,26,1,National,Furniture,Wooden Table|Sofa|Modular Desk
64000910,Ben-Toor,Bengaluru,Karnataka,Partnership,8,Maximiser Pro,21,40L-1.5Cr,Power Seller,87,77,30,59,7,88,3,App,4.04,85,82,Low,22,2,37,5,National,Electronics,HDMI Cable|Fiber Optic Cable|CCTV Camera
64000911,Dar-Sawhney,Gurugram,Haryana,Proprietorship,4,Mini Dynamic Catalog (Annual),10,5Cr-20Cr,Lazy Seller,58,462,76,25,0,39,73,App,4.07,28,16,High,10,9,7,6,National,Furniture,Modular Desk|Wooden Table|Sofa
64000912,Agate LLC,Ludhiana,Punjab,Partnership,4,Maximiser Pro,21,40L-1.5Cr,Lazy Seller,56,494,20,64,15,26,90,Desktop,3.33,25,32,High,8,26,11,1,National,Furniture,Sofa|Wooden Table|Office Chair
64000913,Srivastava Inc,Chennai,Tamil Nadu,Proprietorship,2,Maximiser Pro,21,5Cr-20Cr,New Seller,63,194,64,61,7,61,36,Desktop,4.69,45,63,Medium,52,29,35,3,Regional,Agriculture,Seeds|Pesticides|Drip Irrigation
64000914,Ahluwalia-Sant,Bengaluru,Karnataka,Proprietorship,9,IM Leader Pro,40,5Cr-20Cr,New Seller,68,250,4,68,37,45,31,App,4.36,47,63,Medium,59,22,8,7,National,Agriculture,Fertilizers|Pesticides|Seeds
64000915,Borra-Brahmbhatt,Delhi,Delhi,LLP,14,Maximiser Pro,21,10L-40L,Lazy Seller,65,206,2,53,17,53,58,Mobile Site,4.63,37,40,High,5,9,12,3,Export,Packaging,Plastic Pouch|Labels|Corrugated Box
64000916,Chakrabarti-Baral,Surat,Gujarat,Private Limited,11,Mini Dynamic Catalog (Annual),10,40L-1.5Cr,Churning Seller,62,499,15,48,4,53,26,Mobile Site,3.32,41,37,High,19,17,42,2,Regional,Leather,Wallet|Laptop Sleeve|Card Holder
64000917,Sangha Ltd,Chennai,Tamil Nadu,Proprietorship,6,IM IL,70,10L-40L,Premium Stable Seller,92,415,36,35,27,97,3,Desktop,3.42,92,96,Low,32,2,3,5,Regional,Packaging,Shipping Box|Corrugated Box|Labels
64000918,"Magar, Samra and Ranganathan",Chennai,Tamil Nadu,Proprietorship,11,IM IL,70,10L-40L,Premium Stable Seller,86,471,79,48,47,94,7,App,3.79,95,82,Low,24,0,41,8,Export,Leather,Passport Holder|Card Holder|Wallet
64000919,Venkataraman-Gole,Noida,Uttar Pradesh,Partnership,12,Free,0,40L-1.5Cr,New Seller,57,225,59,17,15,56,21,Desktop,4.79,47,73,Medium,52,11,29,4,National,Leather,Organizer Bag|Passport Holder|Card Holder
64000920,Rege Group,Gurugram,Haryana,Partnership,12,Free,0,40L-1.5Cr,New Seller,70,96,75,18,15,64,44,Desktop,3.74,55,57,Medium,52,27,37,3,National,Agriculture,Pesticides|Seeds|Drip Irrigation
64000921,Saxena-Vora,Delhi,Delhi,Private Limited,11,Mini Dynamic Catalog (Monthly),7,5Cr-20Cr,Premium Stable Seller,90,46,36,6,5,98,5,App,4.44,95,85,Low,26,2,22,7,Export,Leather,Card Holder|Passport Holder|Laptop Sleeve
64000922,"Shanker, Brahmbhatt and Basak",Delhi,Delhi,Partnership,11,Trustseal Pro,14,40L-1.5Cr,Power Seller,90,113,69,30,7,90,7,Desktop,3.8,91,90,Low,18,3,40,4,Regional,Packaging,Shipping Box|Labels|Plastic Pouch
64000923,Vaidya Inc,Ahmedabad,Gujarat,Proprietorship,11,IM Star Pro,30,1.5Cr-5Cr,Premium Stable Seller,90,194,53,26,8,85,6,Desktop,4.11,92,96,Low,18,0,22,7,Regional,Agriculture,Drip Irrigation|Seeds|Pesticides
64000924,"Tara, Issac and Chowdhury",Surat,Gujarat,LLP,3,Trustseal Pro,14,5Cr-20Cr,Premium Stable Seller,90,331,49,11,3,96,6,App,3.82,82,88,Low,31,0,42,7,Export,Machinery,Lathe Machine|Packaging Machine|Juice Machine
64000925,"Chana, Char and Suri",Ludhiana,Punjab,LLP,14,IM Leader Pro,40,10L-40L,Premium Stable Seller,78,134,2,29,9,97,8,Desktop,4.75,90,87,Low,23,0,39,7,Regional,Machinery,Packaging Machine|Lathe Machine|Mixer Machine
64000926,"Krishnamurthy, Goda and Wable",Delhi,Delhi,Proprietorship,9,IM Leader Pro,40,10L-40L,New Seller,73,449,48,31,25,52,27,App,3.7,65,46,Medium,37,14,7,5,National,Machinery,Juice Machine|Lathe Machine|Mixer Machine
64000927,"Konda, Sankar and Gara",Ahmedabad,Gujarat,Partnership,4,Trustseal Pro,14,5Cr-20Cr,New Seller,66,392,69,11,3,64,23,App,4.65,66,58,Medium,50,30,3,0,Export,Furniture,Wooden Table|Office Chair|Modular Desk
64000928,Chander and Sons,Ludhiana,Punjab,Proprietorship,12,Mini Dynamic Catalog (Annual),10,10L-40L,New Seller,64,110,60,29,9,75,15,Mobile Site,4.21,41,69,Medium,46,21,31,8,Regional,Furniture,Wooden Table|Office Chair|Sofa
64000929,"Datta, Garg and Dey",Chennai,Tamil Nadu,Proprietorship,13,Mini Dynamic Catalog (Monthly),7,5Cr-20Cr,Lazy Seller,57,225,22,13,5,43,56,App,3.3,17,42,High,16,22,21,8,National,Furniture,Sofa|Wooden Table|Modular Desk
64000930,Singh-Chowdhury,Noida,Uttar Pradesh,LLP,5,Free,0,5Cr-20Cr,Free Active Seller,75,192,37,22,10,69,12,App,4.55,92,78,Medium,91,28,21,4,Regional,Packaging,Labels|Shipping Box|Plastic Pouch
64000931,Dash-Acharya,Bengaluru,Karnataka,Proprietorship,5,Mini Dynamic Catalog (Annual),10,1.5Cr-5Cr,Premium Stable Seller,80,471,7,7,2,91,8,Mobile Site,3.59,75,82,Low,15,2,42,3,Regional,Chemicals,Industrial Solvents|Paint Chemical|Cleaning Chemical
64000932,Rajagopalan-Bora,Ahmedabad,Gujarat,Proprietorship,11,IM Leader Pro,40,40L-1.5Cr,Power Seller,92,266,6,71,13,87,5,Mobile Site,3.37,80,92,Low,20,3,20,4,Export,Garments,Uniforms|Hoodies|Corporate Wear
64000933,Gaba Inc,Bengaluru,Karnataka,LLP,7,Free,0,40L-1.5Cr,Premium Stable Seller,82,480,58,14,10,93,14,Mobile Site,3.21,82,91,Low,29,3,24,8,Export,Leather,Wallet|Passport Holder|Organizer Bag
64000934,Raju LLC,Mumbai,Maharashtra,Private Limited,5,Mini Dynamic Catalog (Annual),10,40L-1.5Cr,Churning Seller,66,397,19,17,1,43,47,Mobile Site,3.44,54,45,High,8,9,42,0,Export,Leather,Passport Holder|Organizer Bag|Card Holder
64000935,Deshpande-Jani,Ludhiana,Punjab,Partnership,1,Mini Dynamic Catalog (Monthly),7,10L-40L,Lazy Seller,45,101,28,50,7,53,71,Mobile Site,3.48,23,23,High,20,16,31,6,Export,Garments,Kids Wear|Corporate Wear|Hoodies
64000936,Gulati Group,Gurugram,Haryana,LLP,3,IM Leader Pro,40,40L-1.5Cr,Churning Seller,65,307,36,66,8,59,66,Mobile Site,4.8,36,43,High,16,17,21,2,Export,Garments,Hoodies|T-Shirts|Corporate Wear
64000937,Sethi Group,Gurugram,Haryana,LLP,7,Maximiser Pro,21,40L-1.5Cr,New Seller,78,113,58,20,20,48,35,Desktop,3.98,41,62,Medium,62,20,14,3,National,Electronics,CCTV Camera|Adapters|Fiber Optic Cable
64000938,Gulati and Sons,Ahmedabad,Gujarat,Proprietorship,14,IM Leader Pro,40,10L-40L,Power Seller,87,230,23,17,13,90,4,Mobile Site,3.72,98,88,Low,33,2,36,8,Regional,Electronics,Wireless CCTV|Adapters|HDMI Cable
64000939,"Sandal, Varughese and Chaudhuri",Ahmedabad,Gujarat,Proprietorship,6,IM Leader Pro,40,1.5Cr-5Cr,New Seller,77,477,71,31,20,75,25,App,3.91,65,63,Medium,62,22,32,7,Export,Electronics,Adapters|Fiber Optic Cable|HDMI Cable
64000940,Keer Inc,Noida,Uttar Pradesh,Proprietorship,3,IM Star Pro,30,5Cr-20Cr,Lazy Seller,55,315,65,19,5,21,113,Desktop,3.52,20,23,High,13,19,12,7,Regional,Leather,Wallet|Passport Holder|Laptop Sleeve
64000941,Ramesh-Thaker,Mumbai,Maharashtra,Partnership,6,Free,0,40L-1.5Cr,Churning Seller,74,382,43,9,9,63,88,Desktop,3.45,27,26,High,20,22,44,1,Regional,Packaging,Corrugated Box|Plastic Pouch|Labels
64000942,Rana-Loyal,Surat,Gujarat,LLP,12,Mini Dynamic Catalog (Monthly),7,5Cr-20Cr,New Seller,72,155,72,36,7,51,21,App,4.36,41,73,Medium,36,21,45,5,Export,Leather,Card Holder|Passport Holder|Organizer Bag
64000943,Tata PLC,Bengaluru,Karnataka,Private Limited,3,IM IL,70,1.5Cr-5Cr,Churning Seller,51,140,51,87,10,32,50,Desktop,3.98,21,28,High,14,23,23,2,Regional,Electronics,Fiber Optic Cable|CCTV Camera|Wireless CCTV
64000944,Mahal Inc,Chennai,Tamil Nadu,Partnership,1,Trustseal Pro,14,40L-1.5Cr,Churning Seller,74,264,37,46,13,52,28,Desktop,4.24,25,29,High,11,28,13,0,Export,Agriculture,Fertilizers|Pesticides|Seeds
64000945,Hari PLC,Jaipur,Rajasthan,LLP,2,Free,0,10L-40L,Churning Seller,52,97,21,8,3,37,43,Mobile Site,4.77,45,21,High,25,10,30,6,National,Furniture,Wooden Table|Modular Desk|Sofa
64000946,Chanda Inc,Mumbai,Maharashtra,Partnership,2,Mini Dynamic Catalog (Annual),10,5Cr-20Cr,Premium Stable Seller,81,487,25,7,1,81,9,Desktop,4.43,87,81,Low,19,0,43,8,National,Furniture,Wooden Table|Office Chair|Modular Desk
64000947,Cheema-Gill,Ahmedabad,Gujarat,Proprietorship,15,Maximiser Pro,21,5Cr-20Cr,Premium Stable Seller,79,192,28,6,5,87,12,Mobile Site,4.69,81,91,Low,27,1,20,8,Regional,Machinery,Mixer Machine|Juice Machine|Packaging Machine
64000948,Badami Inc,Mumbai,Maharashtra,Private Limited,3,Mini Dynamic Catalog (Annual),10,40L-1.5Cr,Power Seller,91,492,45,60,0,85,10,Desktop,4.21,92,98,Low,14,2,25,2,Regional,Garments,T-Shirts|Hoodies|Kids Wear
64000949,"Chanda, Chaudhari and Dugar",Chennai,Tamil Nadu,Proprietorship,12,Free,0,5Cr-20Cr,Free Active Seller,81,432,29,23,11,88,11,Desktop,4.52,72,88,Medium,75,9,15,7,Regional,Agriculture,Fertilizers|Seeds|Pesticides
64000950,Savant Inc,Mumbai,Maharashtra,Private Limited,4,IM Leader Pro,40,40L-1.5Cr,Lazy Seller,60,128,5,38,4,54,86,Desktop,3.44,22,24,High,9,28,31,0,National,Electronics,Fiber Optic Cable|HDMI Cable|Wireless CCTV
64000951,Ghosh-Wadhwa,Gurugram,Haryana,Private Limited,10,Free,0,5Cr-20Cr,Churning Seller,57,326,9,19,2,65,88,Mobile Site,3.24,37,21,High,10,18,15,2,Regional,Furniture,Sofa|Wooden Table|Office Chair
64000952,Mandal Group,Ludhiana,Punjab,Partnership,6,Free,0,10L-40L,Free Active Seller,78,23,30,14,0,92,7,Desktop,3.23,91,88,Medium,95,12,24,6,National,Electronics,HDMI Cable|CCTV Camera|Adapters
64000953,"Kale, Saha and Dhillon",Chennai,Tamil Nadu,LLP,6,IM Star Pro,30,40L-1.5Cr,Lazy Seller,44,210,38,59,26,43,96,App,4.02,28,36,High,16,10,7,2,National,Chemicals,Paint Chemical|Cleaning Chemical|Industrial Solvents
64000954,"Bava, Tandon and Baria",Noida,Uttar Pradesh,LLP,1,Mini Dynamic Catalog (Monthly),7,5Cr-20Cr,Power Seller,83,33,54,40,3,88,10,App,3.67,83,83,Low,16,0,6,7,Regional,Electronics,CCTV Camera|Adapters|Wireless CCTV
64000955,Wali and Sons,Jaipur,Rajasthan,Partnership,9,Mini Dynamic Catalog (Annual),10,10L-40L,Power Seller,93,75,45,50,0,99,3,Desktop,4.06,84,82,Low,33,3,27,7,Regional,Leather,Wallet|Organizer Bag|Laptop Sleeve
64000956,"Joshi, Dada and Sandhu",Ahmedabad,Gujarat,Partnership,8,Maximiser Pro,21,40L-1.5Cr,New Seller,65,204,69,40,15,47,13,App,3.5,66,72,Medium,44,14,13,0,Regional,Agriculture,Pesticides|Drip Irrigation|Seeds
64000957,Dugar-Badal,Chennai,Tamil Nadu,LLP,3,Free,0,10L-40L,Free Active Seller,87,238,56,24,8,92,13,Desktop,3.4,91,79,Medium,89,20,1,5,Regional,Chemicals,Cleaning Chemical|Industrial Solvents|Paint Chemical
64000958,Bhattacharyya-Brar,Ahmedabad,Gujarat,LLP,3,IM Star Pro,30,40L-1.5Cr,Lazy Seller,67,200,76,13,8,45,95,Mobile Site,4.65,36,19,High,7,12,2,0,Regional,Packaging,Shipping Box|Labels|Plastic Pouch
64000959,"Kanda, Kulkarni and Yadav",Ludhiana,Punjab,LLP,7,Mini Dynamic Catalog (Annual),10,5Cr-20Cr,Lazy Seller,59,427,16,8,7,41,120,Mobile Site,3.99,28,15,High,7,23,17,0,Regional,Packaging,Shipping Box|Labels|Corrugated Box
64000960,Chhabra PLC,Ludhiana,Punjab,Proprietorship,9,Mini Dynamic Catalog (Annual),10,1.5Cr-5Cr,Premium Stable Seller,86,382,10,25,2,96,3,Mobile Site,4.24,85,85,Low,36,0,3,4,Export,Electronics,HDMI Cable|CCTV Camera|Wireless CCTV
64000961,Madan-Sethi,Chennai,Tamil Nadu,LLP,15,Free,0,1.5Cr-5Cr,Lazy Seller,54,370,17,18,12,24,65,Desktop,3.9,24,33,High,19,24,25,1,Regional,Electronics,Wireless CCTV|Adapters|Fiber Optic Cable
64000962,"Bath, Ray and Brahmbhatt",Ahmedabad,Gujarat,LLP,5,Free,0,10L-40L,Power Seller,97,185,57,10,3,93,5,Mobile Site,3.96,87,87,Low,34,2,1,1,Export,Agriculture,Fertilizers|Pesticides|Drip Irrigation
64000963,Zacharia LLC,Ludhiana,Punjab,Proprietorship,15,Trustseal Pro,14,10L-40L,Lazy Seller,41,439,71,59,2,33,99,App,3.29,11,31,High,19,8,11,0,Export,Chemicals,Paint Chemical|Industrial Solvents|Cleaning Chemical
64000964,Salvi PLC,Ludhiana,Punjab,Partnership,14,Mini Dynamic Catalog (Annual),10,40L-1.5Cr,Premium Stable Seller,85,324,66,54,9,89,13,Desktop,3.34,94,96,Low,31,3,29,0,Export,Agriculture,Drip Irrigation|Seeds|Fertilizers
64000965,"Dey, Guha and Arya",Bengaluru,Karnataka,Private Limited,15,Mini Dynamic Catalog (Monthly),7,1.5Cr-5Cr,New Seller,57,293,19,15,1,62,35,Mobile Site,4.07,68,53,Medium,44,19,15,7,Export,Agriculture,Seeds|Drip Irrigation|Fertilizers
64000966,"Thaker, Goda and Iyengar",Surat,Gujarat,LLP,15,Trustseal Pro,14,40L-1.5Cr,Power Seller,83,262,42,35,10,85,6,Desktop,3.85,97,83,Low,23,0,6,4,Export,Chemicals,Industrial Solvents|Paint Chemical|Cleaning Chemical
64000967,"Saha, Mammen and Rastogi",Jaipur,Rajasthan,Partnership,13,Mini Dynamic Catalog (Annual),10,40L-1.5Cr,New Seller,60,158,23,43,10,61,41,App,4.43,61,71,Medium,53,18,26,7,Export,Electronics,Wireless CCTV|HDMI Cable|Adapters
64000968,"Dewan, Sane and Dhar",Delhi,Delhi,Private Limited,1,IM Leader Pro,40,40L-1.5Cr,Premium Stable Seller,85,77,47,59,2,81,7,Desktop,4.03,77,96,Low,28,3,44,8,Export,Chemicals,Paint Chemical|Cleaning Chemical|Industrial Solvents
64000969,"Sahota, Chadha and Bali",Ahmedabad,Gujarat,Private Limited,12,IM Leader Pro,40,5Cr-20Cr,Lazy Seller,46,113,39,86,2,49,114,Mobile Site,4.29,35,42,High,17,24,40,6,National,Garments,T-Shirts|Uniforms|Corporate Wear
64000970,"Rout, Hans and Tata",Bengaluru,Karnataka,Proprietorship,12,Free,0,40L-1.5Cr,Free Active Seller,89,179,21,7,7,78,5,Mobile Site,3.77,78,82,Medium,91,5,25,2,Regional,Agriculture,Drip Irrigation|Seeds|Pesticides
64000971,"Sengupta, Kamdar and Brar",Surat,Gujarat,Proprietorship,14,IM IL,70,40L-1.5Cr,New Seller,63,313,30,39,34,62,44,Mobile Site,3.27,44,45,Medium,51,17,28,2,National,Agriculture,Pesticides|Seeds|Fertilizers
64000972,Sawhney-Mani,Jaipur,Rajasthan,LLP,3,Free,0,1.5Cr-5Cr,Premium Stable Seller,80,173,11,11,1,91,3,Mobile Site,4.48,94,80,Low,17,1,39,2,Regional,Furniture,Office Chair|Sofa|Modular Desk
64000973,"Khare, Gola and Bhatnagar",Jaipur,Rajasthan,Partnership,4,Free,0,1.5Cr-5Cr,Churning Seller,73,42,34,15,3,56,25,Mobile Site,3.24,41,25,High,12,17,11,5,National,Packaging,Shipping Box|Corrugated Box|Plastic Pouch
64000974,"Roy, Sodhi and Comar",Ludhiana,Punjab,LLP,3,Free,0,5Cr-20Cr,Free Active Seller,73,36,26,14,4,84,6,App,4.64,83,78,Medium,95,5,31,7,Export,Agriculture,Drip Irrigation|Pesticides|Fertilizers
64000975,"Bahri, Varughese and Kothari",Gurugram,Haryana,Proprietorship,12,Free,0,40L-1.5Cr,Free Active Seller,89,299,71,5,3,82,14,Desktop,3.66,87,88,Medium,76,19,29,4,National,Electronics,Wireless CCTV|Adapters|HDMI Cable
64000976,Jhaveri PLC,Bengaluru,Karnataka,Partnership,13,IM Leader Pro,40,40L-1.5Cr,Churning Seller,69,299,56,83,34,41,75,Mobile Site,4.86,44,50,High,13,24,26,8,National,Electronics,Wireless CCTV|CCTV Camera|Adapters
64000977,Dugal-Swamy,Ludhiana,Punjab,LLP,10,Free,0,40L-1.5Cr,Free Active Seller,72,431,8,8,1,75,10,Mobile Site,4.22,88,76,Medium,85,24,12,0,Export,Packaging,Shipping Box|Corrugated Box|Plastic Pouch
64000978,"Thaker, Bassi and Raval",Noida,Uttar Pradesh,Private Limited,4,IM IL,70,5Cr-20Cr,New Seller,77,60,56,92,7,46,32,Desktop,3.92,43,47,Medium,50,12,16,6,Export,Electronics,Adapters|Fiber Optic Cable|Wireless CCTV
64000979,Sarraf-Din,Mumbai,Maharashtra,Partnership,9,IM Star Pro,30,1.5Cr-5Cr,Premium Stable Seller,88,23,8,8,4,89,12,Mobile Site,4.85,76,90,Low,30,1,17,2,Regional,Machinery,Mixer Machine|Juice Machine|Lathe Machine
64000980,"Sundaram, Khalsa and Khare",Ludhiana,Punjab,LLP,7,IM Star Pro,30,5Cr-20Cr,New Seller,80,274,54,11,5,73,45,App,3.48,59,58,Medium,48,30,20,5,National,Garments,Uniforms|Kids Wear|Hoodies
64000981,Sunder Inc,Surat,Gujarat,LLP,13,IM Leader Pro,40,40L-1.5Cr,Lazy Seller,41,118,66,82,1,48,79,Desktop,4.66,34,25,High,12,18,24,4,National,Agriculture,Pesticides|Drip Irrigation|Fertilizers
64000982,"Hora, Agrawal and Mannan",Jaipur,Rajasthan,Proprietorship,14,Trustseal Pro,14,1.5Cr-5Cr,New Seller,79,75,52,45,5,58,31,Desktop,4.77,62,54,Medium,36,24,1,6,Regional,Electronics,CCTV Camera|HDMI Cable|Adapters
64000983,Tank and Sons,Mumbai,Maharashtra,Partnership,3,IM Star Pro,30,10L-40L,Churning Seller,55,179,53,22,10,58,79,App,3.25,50,42,High,20,24,6,2,National,Chemicals,Cleaning Chemical|Paint Chemical|Industrial Solvents
64000984,"Venkataraman, Toor and Sood",Gurugram,Haryana,Partnership,6,IM Star Pro,30,5Cr-20Cr,Premium Stable Seller,94,483,70,6,0,98,9,App,4.41,76,78,Low,39,3,36,2,Regional,Electronics,CCTV Camera|HDMI Cable|Wireless CCTV
64000985,Sabharwal Group,Gurugram,Haryana,Proprietorship,10,IM Leader Pro,40,10L-40L,Premium Stable Seller,92,387,54,38,10,78,15,Desktop,4.44,83,92,Low,19,3,11,0,Regional,Leather,Card Holder|Passport Holder|Wallet
64000986,"Bansal, De and Cherian",Bengaluru,Karnataka,Private Limited,4,Free,0,1.5Cr-5Cr,New Seller,65,393,51,22,1,52,37,Mobile Site,3.49,51,67,Medium,53,19,17,8,Regional,Machinery,Juice Machine|Packaging Machine|Mixer Machine
64000987,"Boase, Sankaran and Sagar",Ludhiana,Punjab,Proprietorship,2,Maximiser Pro,21,1.5Cr-5Cr,New Seller,71,157,8,9,6,55,26,Mobile Site,3.82,51,70,Medium,59,13,42,7,National,Machinery,Mixer Machine|Packaging Machine|Juice Machine
64000988,"Sahota, Dewan and Bassi",Mumbai,Maharashtra,Proprietorship,14,Mini Dynamic Catalog (Annual),10,5Cr-20Cr,Power Seller,86,295,80,53,7,91,4,App,4.73,94,91,Low,34,0,26,3,Regional,Electronics,Wireless CCTV|CCTV Camera|Fiber Optic Cable
64000989,Cherian-Mander,Ludhiana,Punjab,Proprietorship,8,Mini Dynamic Catalog (Monthly),7,10L-40L,Churning Seller,56,479,62,27,0,65,73,Desktop,4.23,30,46,High,7,25,25,3,Regional,Electronics,Wireless CCTV|Adapters|Fiber Optic Cable
64000990,Sani Ltd,Ludhiana,Punjab,Private Limited,12,Maximiser Pro,21,1.5Cr-5Cr,New Seller,56,277,20,39,19,57,24,Desktop,4.7,50,68,Medium,52,12,1,0,Export,Leather,Card Holder|Passport Holder|Organizer Bag
64000991,Bahl-Saraf,Gurugram,Haryana,Partnership,12,Free,0,1.5Cr-5Cr,Lazy Seller,70,451,56,16,5,52,76,App,4.76,26,43,High,7,13,24,4,National,Garments,Hoodies|Kids Wear|Corporate Wear
64000992,"Seth, Sridhar and Kumer",Jaipur,Rajasthan,Partnership,14,Maximiser Pro,21,40L-1.5Cr,Premium Stable Seller,89,380,72,18,0,80,10,Mobile Site,4.21,94,84,Low,29,2,10,8,National,Agriculture,Fertilizers|Pesticides|Seeds
64000993,Kanda Ltd,Bengaluru,Karnataka,Private Limited,14,IM IL,70,5Cr-20Cr,Premium Stable Seller,91,373,78,12,4,96,11,Mobile Site,4.4,91,82,Low,39,2,31,1,National,Leather,Passport Holder|Card Holder|Organizer Bag
64000994,Chopra-Chakrabarti,Noida,Uttar Pradesh,Proprietorship,5,Maximiser Pro,21,40L-1.5Cr,Lazy Seller,42,383,34,27,8,25,116,Mobile Site,4.3,27,38,High,17,9,38,7,Regional,Chemicals,Paint Chemical|Cleaning Chemical|Industrial Solvents
64000995,Sandhu-Raja,Bengaluru,Karnataka,Proprietorship,4,Mini Dynamic Catalog (Annual),10,10L-40L,Premium Stable Seller,82,220,22,41,3,81,13,Mobile Site,4.18,92,93,Low,15,1,14,2,Regional,Machinery,Lathe Machine|Juice Machine|Mixer Machine
64000996,"D’Alia, Aurora and Bhakta",Gurugram,Haryana,Partnership,14,Mini Dynamic Catalog (Monthly),7,5Cr-20Cr,Power Seller,87,374,68,29,7,92,4,Desktop,3.28,80,82,Low,12,3,2,8,Export,Furniture,Modular Desk|Office Chair|Sofa
64000997,Guha and Sons,Chennai,Tamil Nadu,LLP,12,Mini Dynamic Catalog (Annual),10,10L-40L,Lazy Seller,40,210,51,55,1,55,50,Mobile Site,3.6,36,24,High,11,14,36,4,National,Packaging,Plastic Pouch|Shipping Box|Labels
64000998,Deshpande-Raja,Ahmedabad,Gujarat,Partnership,10,Mini Dynamic Catalog (Monthly),7,10L-40L,Premium Stable Seller,93,181,41,31,5,86,9,Desktop,3.54,92,82,Low,21,0,2,7,National,Machinery,Juice Machine|Packaging Machine|Mixer Machine
64000999,Comar LLC,Mumbai,Maharashtra,Partnership,6,Free,0,5Cr-20Cr,Free Active Seller,80,189,4,6,3,88,14,App,3.66,82,82,Medium,77,18,5,0,Export,Chemicals,Paint Chemical|Industrial Solvents|Cleaning Chemical